时间(s),关节角度(°),电机电流(A),振动值(mm/s),温度(℃),健康状态
1,79.9196,18.8325,1.9604,32.0708,轻微抖动
2,-15.8148,15.9183,0.1,22.5195,严重抖动
3,-118.6113,2.236,1.9679,56.1628,轻微抖动
4,66.3239,9.3629,9.3739,89.0154,严重抖动
5,-113.4524,19.4221,2.7037,63.4371,轻微抖动
6,-148.1427,4.7237,7.8175,87.0876,严重抖动
7,-51.5688,6.3378,0.252,41.6934,平稳
8,97.6573,2.4068,9.9866,75.3888,严重抖动
9,3.0854,18.2438,0.3691,27.1039,平稳
10,109.3219,4.5448,0.9624,42.0199,平稳
11,-26.2412,16.5423,7.9532,82.2349,严重抖动
12,166.481,5.7839,3.1111,58.4213,轻微抖动
13,-3.797,19.7274,0.5712,39.9576,平稳
14,-47.5981,13.0138,2.3413,68.2092,轻微抖动
15,19.8723,11.0634,9.4172,79.5675,严重抖动
16,81.344,18.0451,8.6944,84.8154,严重抖动
17,143.4795,12.5222,8.7462,74.9397,严重抖动
18,54.7061,5.2611,0.226,25.2777,平稳
19,-47.6223,6.0388,6.6958,82.2908,严重抖动
20,-109.7125,14.7266,6.8952,75.7774,严重抖动
21,-25.8537,19.3664,9.3658,87.846,平稳
22,-65.9081,4.2204,9.4705,77.4384,严重抖动
23,41.4026,19.811,5.7383,88.1752,严重抖动
24,-74.3069,16.3779,9.0026,73.4345,严重抖动
25,107.3863,13.3493,8.1249,82.0029,严重抖动
26,-146.1665,11.9873,6.9864,76.8439,严重抖动
27,-161.3946,11.0957,5.3801,71.9932,严重抖动
28,-82.5004,9.3405,6.8833,88.5893,严重抖动
29,-123.6827,5.7546,0.7224,24.2665,平稳
30,85.6429,11.5327,5.2852,71.3985,严重抖动
31,-3.0183,9.996,1.2016,26.0282,平稳
32,45.3096,10.5596,3.9572,63.3056,轻微抖动
33,158.4829,11.934,1.6726,25.0312,平稳
34,-41.0031,19.2626,4.3695,62.102,轻微抖动
35,124.1551,1.4422,0.6894,27.3659,平稳
36,-116.1218,15.2617,6.4891,82.3675,严重抖动
37,-57.3107,18.6844,7.7301,87.5045,严重抖动
38,142.3884,8.3948,7.7947,72.8495,严重抖动
39,-74.4441,7.2446,1.3862,43.9498,平稳
40,-2.0087,2.0936,6.8828,73.6087,严重抖动
41,-149.7215,14.3184,1.3817,32.0462,平稳
42,21.0255,9.0602,8.003,85.9872,严重抖动
43,166.3821,8.1225,1.5305,29.3831,平稳
44,8.3152,12.9586,5.3438,88.348,严重抖动
45,66.5032,4.0897,3.2156,61.3996,轻微抖动
46,131.783,1.8592,8.8541,80.3248,严重抖动
47,169.1692,17.0003,0.4201,44.7064,平稳
48,160.1157,17.1433,8.1488,90.0,严重抖动
49,42.5262,7.8051,2.275,52.3413,轻微抖动
50,21.9377,17.6564,5.4869,74.1636,严重抖动
51,145.4971,7.6169,0.1,46.7076,平稳
52,161.8274,3.7944,5.5142,72.7856,严重抖动
53,48.0243,5.5628,2.6554,52.7442,轻微抖动
54,-55.5598,18.039,0.9244,27.6118,平稳
55,-55.7703,7.6048,4.7029,66.0155,平稳
56,13.1726,18.5568,1.6904,45.2472,平稳
57,89.8618,1.579,5.4396,69.2594,严重抖动
58,-56.5463,10.0054,5.6983,77.5372,严重抖动
59,20.7872,12.1442,4.1302,64.4816,轻微抖动
60,-178.092,19.5263,0.646,22.6388,平稳
61,-106.1721,19.3919,7.8773,74.2171,严重抖动
62,-64.5688,12.2838,7.1042,72.431,严重抖动
63,66.4458,2.6695,4.1548,54.7747,轻微抖动
64,105.9442,3.0273,1.46,20.0,平稳
65,-106.1993,8.2053,8.659,72.0014,严重抖动
66,117.0478,4.5417,9.3782,71.5563,严重抖动
67,65.8735,9.587,2.3785,65.2753,轻微抖动
68,27.8951,7.7519,7.308,86.2894,严重抖动
69,82.9977,14.1806,3.5179,59.3787,轻微抖动
70,-128.4739,4.8863,5.1703,73.4171,严重抖动
71,-32.7761,15.6658,5.2592,62.5504,轻微抖动
72,-56.6913,5.3197,5.9349,70.6698,严重抖动
73,-143.2034,18.4563,6.3616,82.4249,严重抖动
74,-142.4711,16.9684,6.4226,73.7121,严重抖动
75,103.6044,12.4707,2.6306,61.517,轻微抖动
76,31.3446,1.6241,0.9201,44.8384,平稳
77,-103.4349,10.7883,0.2917,43.162,平稳
78,-68.4227,8.549,5.3494,80.4676,严重抖动
79,31.4833,6.5868,3.2722,54.9743,轻微抖动
80,91.1686,6.1737,4.9607,72.5012,严重抖动
81,-109.3993,10.6046,8.2719,85.2637,严重抖动
82,175.9424,12.4608,6.0808,82.7837,严重抖动
83,47.9667,14.9822,7.7492,86.0347,严重抖动
84,-49.2987,1.6503,6.7693,85.4524,严重抖动
85,-10.4164,4.46,9.7813,73.1191,严重抖动
86,-101.5117,13.256,5.0733,57.4577,轻微抖动
87,-155.8169,8.6997,7.1329,77.7711,严重抖动
88,-89.737,13.0289,4.8451,69.0497,严重抖动
89,-28.067,7.7236,4.9287,61.8452,轻微抖动
90,-53.4455,8.8431,8.3351,82.6963,严重抖动
91,166.3556,16.0103,0.8083,20.0,平稳
92,52.7994,14.1703,7.6224,70.7043,严重抖动
93,21.8438,10.1402,4.8755,58.5165,轻微抖动
94,7.2605,9.1095,6.1755,77.0062,严重抖动
95,-176.5852,2.001,0.2305,32.7252,平稳
96,-36.6165,2.7423,1.4961,21.6562,平稳
97,77.5992,12.1931,3.0578,56.1267,轻微抖动
98,107.2762,5.9207,0.3558,27.25,平稳
99,176.1066,15.1237,5.9754,90.0,严重抖动
100,-136.678,1.892,0.6481,49.0066,平稳
101,6.5737,12.3482,9.68,79.6257,严重抖动
102,-167.4485,18.0035,10.0,81.8216,严重抖动
103,25.6748,13.5801,5.3814,88.8942,严重抖动
104,-91.6972,3.9895,5.5149,83.1115,严重抖动
105,137.3894,19.265,1.7515,42.4363,平稳
106,100.7443,3.0326,3.2751,57.8661,平稳
107,74.942,2.2797,6.2737,85.5331,严重抖动
108,115.7447,8.0648,8.8016,87.3555,严重抖动
109,127.5155,11.0135,0.2459,31.0536,平稳
110,166.7652,1.5947,8.3186,73.5657,严重抖动
111,-64.5326,14.764,7.2708,85.9905,严重抖动
112,-122.6715,4.8703,8.4618,73.8908,严重抖动
113,-132.7518,1.618,1.3278,27.0341,平稳
114,-3.026,2.22,1.1261,31.4644,平稳
115,70.1935,17.3423,1.3117,46.7307,平稳
116,-37.1076,3.5216,3.2825,55.2168,轻微抖动
117,41.9776,12.6459,2.0379,28.7067,轻微抖动
118,-6.8746,1.7743,5.3267,68.0158,轻微抖动
119,-150.6505,8.662,0.6334,28.321,平稳
120,5.0385,12.1731,6.3305,73.8449,严重抖动
121,55.8034,19.8505,0.693,50.1468,平稳
122,-34.0883,12.4353,3.8022,53.5407,轻微抖动
123,-145.7059,13.3903,1.3726,51.0582,平稳
124,161.49,5.798,4.5102,65.1396,轻微抖动
125,20.9305,11.2582,5.2882,77.412,严重抖动
126,-115.1962,2.6826,1.3472,35.4626,平稳
127,7.8228,7.5104,4.8645,68.6179,轻微抖动
128,-112.1943,14.8858,1.4266,30.2289,平稳
129,119.1158,17.4276,1.6255,36.3791,平稳
130,60.1097,11.9665,8.0992,84.519,严重抖动
131,-140.7205,13.3597,8.6108,89.8429,严重抖动
132,-65.8095,17.5091,7.8557,84.5889,严重抖动
133,-8.3896,8.4929,5.4873,84.8314,严重抖动
134,-24.8896,18.0376,5.5751,75.0125,严重抖动
135,8.3105,13.7318,1.9585,52.9018,轻微抖动
136,107.9212,4.5071,9.5579,77.7169,严重抖动
137,-87.9678,6.7391,1.8656,45.6522,平稳
138,-126.1066,9.055,7.5522,80.4369,严重抖动
139,-115.7595,6.9332,1.5985,38.1064,平稳
140,-19.5153,14.7658,1.838,40.6022,平稳
141,145.9889,15.6798,0.3346,45.6824,平稳
142,-56.3182,12.726,2.3962,67.5417,轻微抖动
143,-19.3132,7.3378,2.0853,49.9856,轻微抖动
144,-55.3242,5.5421,0.5884,26.4737,平稳
145,-121.7649,15.9392,5.1849,77.6256,严重抖动
146,62.7494,11.1171,4.1486,51.6397,轻微抖动
147,27.0588,10.1077,1.64,36.473,平稳
148,117.0723,13.6598,3.1027,63.8436,轻微抖动
149,43.0517,13.3538,9.516,80.6389,严重抖动
150,178.1519,2.0978,1.5624,26.5306,平稳
151,-70.8209,2.9199,6.8681,88.2411,严重抖动
152,44.6025,11.0138,5.2307,90.0,严重抖动
153,-173.0908,5.9365,7.3568,73.5899,严重抖动
154,17.2654,9.6332,0.2169,37.753,平稳
155,103.2852,6.9927,4.0623,52.4719,轻微抖动
156,41.0161,2.2664,4.817,65.053,轻微抖动
157,-54.1068,15.7184,0.6531,26.9362,平稳
158,-172.4598,2.5613,2.0608,27.9661,平稳
159,112.2371,13.4731,9.9792,78.6089,严重抖动
160,40.6582,18.9184,1.1592,40.7292,平稳
161,123.1195,14.8413,8.3454,79.0754,严重抖动
162,-103.1359,10.6112,9.9282,84.6401,严重抖动
163,-72.8826,11.7354,8.883,72.9093,严重抖动
164,-13.8393,1.1773,7.1779,82.1424,严重抖动
165,-52.0616,15.892,2.2639,61.0257,轻微抖动
166,-152.259,2.1125,6.9527,75.5225,严重抖动
167,-61.8506,9.2464,6.5513,76.4045,严重抖动
168,155.9208,13.2087,1.2798,36.3891,平稳
169,122.3288,8.2928,4.2004,64.9249,轻微抖动
170,158.6445,5.9266,1.9545,42.7038,平稳
171,90.495,13.4821,7.3931,71.9391,严重抖动
172,-90.1634,6.167,0.4892,38.5128,平稳
173,-29.2344,5.943,6.812,87.5827,严重抖动
174,23.5189,9.8147,7.494,86.8094,严重抖动
175,8.4207,3.1806,1.7239,35.0978,平稳
176,-150.5789,9.7077,8.6507,70.0465,严重抖动
177,54.3504,11.3632,9.3727,82.5133,严重抖动
178,136.0188,17.7121,1.7551,45.5521,平稳
179,-106.6441,10.9433,6.864,76.695,严重抖动
180,141.8363,13.4316,8.5191,82.8246,严重抖动
181,174.2797,13.6905,8.9402,76.261,严重抖动
182,140.4929,2.5087,1.9436,24.7669,平稳
183,-10.3796,16.6111,8.9575,77.8606,严重抖动
184,-54.7411,9.5567,7.1012,77.2682,严重抖动
185,-79.4606,13.2148,3.2381,68.8293,轻微抖动
186,95.7833,15.9805,0.5314,41.5456,平稳
187,171.6481,3.1037,4.554,53.876,轻微抖动
188,147.8773,15.3253,7.5669,83.6121,严重抖动
189,134.1914,3.139,9.8096,70.0768,严重抖动
190,35.4087,6.6475,1.0518,36.4778,平稳
191,-83.6004,15.9941,6.1198,81.4872,严重抖动
192,-19.7114,15.9872,1.3917,43.3245,平稳
193,174.1825,6.1102,1.2246,34.9966,平稳
194,-10.929,9.5588,0.2902,23.0927,平稳
195,32.7123,11.2031,4.2789,61.4015,轻微抖动
196,-101.3365,8.5391,8.2879,76.3833,严重抖动
197,11.3758,17.7174,0.4233,40.7281,平稳
198,-87.0576,13.8175,1.8514,47.8135,平稳
199,-87.5901,13.6405,9.7071,71.3003,轻微抖动
200,-31.4369,13.2758,5.206,81.6782,严重抖动
201,-138.3345,3.9321,6.511,85.983,严重抖动
202,-18.4129,2.6035,8.419,90.0,严重抖动
203,15.3124,17.3731,0.7079,48.7429,平稳
204,140.2747,1.2339,4.2032,52.1945,轻微抖动
205,-163.8798,15.4762,3.7371,56.8733,轻微抖动
206,124.9702,11.0906,0.2537,49.0007,平稳
207,-67.2457,3.7942,1.0534,35.7251,平稳
208,-148.2474,12.5307,3.8357,53.1592,轻微抖动
209,-119.3987,5.6912,1.597,22.7615,平稳
210,-13.8796,14.8855,7.6359,69.6189,严重抖动
211,-52.7541,9.7109,7.1894,81.9567,严重抖动
212,150.7445,7.8831,4.6021,59.4757,轻微抖动
213,32.9064,16.3252,6.8447,80.043,严重抖动
214,-67.7163,5.8649,0.4118,21.6664,平稳
215,115.1272,7.3347,8.0977,85.7381,严重抖动
216,-155.1494,1.1077,7.9299,88.8035,严重抖动
217,-142.4145,8.5829,9.4133,77.7527,严重抖动
218,-177.8081,2.9179,3.3501,61.2598,轻微抖动
219,-103.9995,17.4046,2.5876,52.3449,轻微抖动
220,17.633,5.1662,1.62,38.1189,平稳
221,79.1249,17.4717,0.7296,34.3061,平稳
222,137.5172,16.6518,2.8316,61.7659,轻微抖动
223,25.8513,18.2368,9.3528,76.2906,严重抖动
224,135.184,4.4733,9.1402,79.7131,严重抖动
225,179.8078,2.9914,6.7564,83.4672,严重抖动
226,-167.0621,8.5,8.9405,71.9944,严重抖动
227,28.5031,2.6215,7.4249,87.7116,严重抖动
228,-92.92,18.3103,8.0656,74.8931,严重抖动
229,-16.2292,6.0778,7.2543,80.7024,严重抖动
230,-60.4442,7.4943,0.6309,46.0783,平稳
231,38.2128,6.5317,5.633,84.4633,严重抖动
232,9.8155,18.222,8.7437,77.8945,严重抖动
233,-158.1736,14.11,8.3663,84.9694,严重抖动
234,164.8563,11.0635,6.6178,85.119,平稳
235,110.5076,9.7336,2.3888,55.3792,轻微抖动
236,-130.6803,19.9046,0.2498,31.2025,平稳
237,71.392,8.5089,1.9504,36.1161,平稳
238,-68.4,5.4088,9.7437,87.217,严重抖动
239,102.3915,8.1627,9.6669,75.0325,严重抖动
240,-88.6244,5.6703,5.5768,74.3478,严重抖动
241,177.2792,8.3401,0.1,23.4054,平稳
242,-126.6559,13.9114,8.3272,84.2757,严重抖动
243,-62.5182,16.9535,2.4248,52.7497,轻微抖动
244,139.9995,11.3456,9.3313,78.4074,严重抖动
245,-73.713,17.7104,3.0458,61.0913,轻微抖动
246,-13.2143,1.8627,7.5065,73.4529,严重抖动
247,-49.6165,14.7394,4.4635,59.5557,轻微抖动
248,93.2648,12.583,2.1545,43.7127,平稳
249,-58.6927,19.9913,8.8,75.8766,严重抖动
250,101.0274,12.0917,1.8805,45.8914,轻微抖动
251,-143.0943,10.7632,2.9371,60.6117,轻微抖动
252,151.558,14.1973,9.5523,79.4187,严重抖动
253,-55.6769,7.3766,7.4847,79.3925,严重抖动
254,160.9526,10.4289,9.999,81.3639,严重抖动
255,-175.8895,14.3703,7.8246,71.3037,严重抖动
256,-161.3993,10.5911,2.4649,71.3204,轻微抖动
257,-37.2407,3.5026,7.3111,79.5958,严重抖动
258,-69.5604,7.7062,8.359,82.4664,严重抖动
259,-45.3884,18.9445,2.7057,52.1474,轻微抖动
260,-155.6991,10.8553,1.0022,36.947,平稳
261,-55.2513,8.5546,1.3997,49.8049,平稳
262,-152.7899,19.077,2.9634,66.5668,轻微抖动
263,-82.4053,12.3557,2.7476,69.6287,轻微抖动
264,72.4103,13.9221,8.6314,86.6866,严重抖动
265,-92.8721,14.567,3.0112,52.4804,轻微抖动
266,-51.8504,1.3005,1.0766,34.8008,严重抖动
267,138.5872,8.2824,1.8882,63.7092,轻微抖动
268,120.1115,10.4892,9.3609,79.8321,严重抖动
269,-33.2522,9.921,4.7925,75.5975,严重抖动
270,-86.3148,4.0304,0.5761,33.1923,平稳
271,113.0852,14.0176,1.7971,23.3761,平稳
272,12.7994,7.7808,0.9762,39.005,平稳
273,158.8035,17.6501,8.9174,84.652,严重抖动
274,129.174,13.8619,1.1505,51.969,平稳
275,-122.2685,13.7993,8.3174,82.4999,严重抖动
276,-121.9094,2.5875,1.9315,21.5171,平稳
277,-142.0756,5.2249,0.2332,32.2398,平稳
278,-118.1902,10.5021,4.5904,50.6105,轻微抖动
279,-38.9306,18.0178,1.347,42.3954,平稳
280,-155.1435,10.0108,2.0628,55.471,轻微抖动
281,-59.8938,16.0396,5.4753,79.0358,严重抖动
282,109.2736,18.1337,8.4042,81.6839,严重抖动
283,-44.8312,16.2725,5.5017,86.925,严重抖动
284,-176.9891,5.1357,3.9382,54.409,轻微抖动
285,-129.4832,13.752,6.029,75.6733,严重抖动
286,89.992,18.2563,6.1541,71.2385,严重抖动
287,-9.3884,14.6115,6.9488,83.9038,严重抖动
288,57.4239,16.1286,1.7789,27.6669,平稳
289,-63.1758,6.1207,2.8119,68.3859,轻微抖动
290,100.0891,15.4562,2.4349,59.8224,轻微抖动
291,-168.7863,5.932,1.7686,28.339,平稳
292,143.2509,17.8742,2.5287,58.6184,轻微抖动
293,-155.7879,2.8034,9.8681,78.746,严重抖动
294,125.7044,8.7142,7.3037,76.1004,严重抖动
295,4.1889,1.1016,0.1,27.2856,平稳
296,47.9062,9.9164,5.4405,78.691,严重抖动
297,1.4414,19.0348,4.4621,56.2773,轻微抖动
298,-164.7568,12.0148,5.5204,74.2631,严重抖动
299,147.6767,13.1416,0.1,28.9249,平稳
300,-151.7192,15.0707,9.7768,82.1628,严重抖动
301,138.45,3.3792,4.863,90.0,严重抖动
302,-23.2583,8.5233,6.1392,86.3482,严重抖动
303,-30.1615,4.1942,6.8249,79.6641,严重抖动
304,-100.9056,1.3899,4.3584,56.3656,轻微抖动
305,74.4032,12.7272,8.8948,73.9586,严重抖动
306,-108.2715,1.8543,2.0318,44.3258,平稳
307,56.1798,11.632,7.6784,85.3013,严重抖动
308,4.6429,17.5225,4.2284,57.9866,轻微抖动
309,-120.4912,17.231,9.196,71.3106,严重抖动
310,90.6034,12.8461,0.8457,41.086,平稳
311,161.4611,18.9486,2.5999,57.4117,轻微抖动
312,72.8958,12.6898,6.2243,86.7643,平稳
313,62.7839,15.495,7.3627,84.1538,严重抖动
314,45.476,6.2909,2.6516,66.6358,轻微抖动
315,-12.3543,15.6942,8.389,86.0268,严重抖动
316,-24.7995,2.6634,5.322,78.3685,严重抖动
317,148.6552,7.4556,3.0592,67.1734,轻微抖动
318,106.0131,6.2845,4.1985,68.3365,轻微抖动
319,158.0387,9.6035,1.5122,42.266,平稳
320,148.7638,4.5985,2.2999,67.8188,轻微抖动
321,-116.2107,6.5911,0.2026,25.2945,平稳
322,-72.4114,3.0341,7.4537,78.8686,严重抖动
323,65.5751,19.0481,8.6337,75.6213,严重抖动
324,134.287,10.9397,0.5566,34.8688,平稳
325,-144.4546,2.4376,5.6136,85.5263,严重抖动
326,-99.6977,17.5891,9.1448,77.1172,严重抖动
327,105.6854,1.6038,7.6025,72.9388,严重抖动
328,176.1954,11.9143,1.5333,27.3977,平稳
329,20.6318,3.9647,8.89,72.7927,严重抖动
330,-80.7273,4.8807,2.2073,30.4264,平稳
331,-90.082,13.429,0.9861,49.6767,平稳
332,98.486,1.8368,9.1441,77.9969,严重抖动
333,166.4141,9.4382,2.2643,64.9081,轻微抖动
334,168.7229,5.9845,2.1707,56.7012,轻微抖动
335,138.3679,11.6287,2.67,57.9021,轻微抖动
336,42.9636,9.6337,8.3718,77.17,严重抖动
337,-70.3827,4.7638,7.7882,87.7872,严重抖动
338,106.996,14.7604,4.2939,53.2001,轻微抖动
339,161.3706,6.7874,1.6725,43.3998,平稳
340,-48.9194,11.7581,8.3739,69.9629,严重抖动
341,-132.4925,10.7505,0.6478,26.2825,平稳
342,-79.2915,7.308,1.0185,32.7716,平稳
343,69.77,11.5025,6.8226,82.3185,严重抖动
344,-118.3338,16.7198,5.3105,68.7682,严重抖动
345,-129.2013,11.3661,1.4814,28.2904,平稳
346,-167.4219,19.8054,1.2389,26.2925,平稳
347,174.6628,15.5921,1.7824,47.0388,平稳
348,52.15,1.4471,4.7081,52.9098,轻微抖动
349,-10.458,10.3524,1.4899,30.6122,平稳
350,4.1899,2.1591,2.1629,66.6033,轻微抖动
351,69.2476,5.4333,9.2436,73.0921,轻微抖动
352,-163.8011,14.9489,6.3475,70.8137,严重抖动
353,-175.0743,2.5504,3.4373,54.2972,轻微抖动
354,0.1003,2.3185,3.0667,67.8746,轻微抖动
355,-73.5033,1.0211,9.2491,77.1944,严重抖动
356,-179.9889,14.5306,1.3003,49.2236,平稳
357,17.5942,8.2196,8.6481,90.0,严重抖动
358,-69.9322,8.6514,4.752,57.7381,轻微抖动
359,42.9022,4.5462,7.036,74.3681,严重抖动
360,-109.3515,3.3854,0.7715,38.3958,平稳
361,-142.026,12.1262,4.6664,61.1174,轻微抖动
362,-89.1677,6.8476,6.4135,76.5208,严重抖动
363,-48.6639,13.1783,6.244,84.7852,严重抖动
364,-37.4626,15.3688,0.102,43.9491,平稳
365,179.1898,9.5831,0.464,43.7843,平稳
366,-8.1302,12.4343,8.236,86.0319,严重抖动
367,14.5004,2.5063,5.6236,82.4135,严重抖动
368,-125.4796,9.2227,5.3865,82.3571,严重抖动
369,-8.338,12.9718,9.6422,73.3351,严重抖动
370,135.0481,19.4479,8.3428,74.6946,严重抖动
371,62.0102,10.1443,1.0255,49.1772,平稳
372,51.8244,8.2381,7.9808,85.9327,严重抖动
373,107.922,11.5391,2.3069,52.7929,轻微抖动
374,37.5694,15.5102,2.0252,64.2346,轻微抖动
375,4.2147,10.1826,1.8185,33.9568,平稳
376,20.8345,19.236,1.0534,27.8268,平稳
377,32.1173,9.6313,1.0028,27.7551,严重抖动
378,-158.7219,14.1238,9.9989,77.4283,严重抖动
379,55.0703,12.0128,3.1599,65.9745,轻微抖动
380,-161.649,12.7331,5.5386,85.8907,严重抖动
381,-22.6615,12.9272,2.0918,60.009,轻微抖动
382,82.8876,10.3075,6.7487,77.3886,严重抖动
383,111.7686,6.1804,6.31,71.8371,严重抖动
384,47.8089,15.6095,4.8782,70.2587,轻微抖动
385,-155.1047,16.7225,2.3903,64.4077,轻微抖动
386,88.1052,8.8357,2.6293,52.9512,轻微抖动
387,148.3055,2.1576,2.0038,54.3281,轻微抖动
388,-49.807,3.3821,0.8696,42.4777,平稳
389,31.7137,7.0055,2.602,62.2626,轻微抖动
390,-62.1285,4.1278,6.0001,77.8458,严重抖动
391,119.3547,4.3692,4.2292,53.0404,轻微抖动
392,112.2718,1.2634,7.3804,76.5756,平稳
393,58.6898,13.9023,7.9852,86.7918,严重抖动
394,-162.2805,5.3905,9.1296,90.0,严重抖动
395,171.562,13.2664,7.4433,70.6614,严重抖动
396,82.5515,11.9262,7.6436,73.1839,严重抖动
397,88.2773,5.4123,2.0101,52.6428,轻微抖动
398,-44.3965,7.4456,7.4698,83.3448,严重抖动
399,-71.1121,17.3153,1.3773,36.5173,平稳
400,65.7146,7.3007,8.6755,72.2871,严重抖动
401,73.8147,15.0976,6.8203,71.9884,严重抖动
402,-51.4108,7.5377,1.5634,20.8092,平稳
403,-55.7939,2.0399,3.2759,61.7551,轻微抖动
404,-155.6623,14.7566,9.0156,79.8535,严重抖动
405,-57.152,9.4395,6.2299,69.6296,严重抖动
406,175.2825,15.3368,8.6838,80.5891,严重抖动
407,-177.4864,8.6661,2.6189,56.8436,轻微抖动
408,-112.6353,11.5554,0.1,40.4078,平稳
409,-44.2606,8.4731,5.0388,72.5246,严重抖动
410,-123.9216,11.3939,3.303,56.4504,轻微抖动
411,164.0338,19.119,0.865,46.2735,平稳
412,-42.6181,15.7295,1.7931,47.8592,平稳
413,150.353,17.8619,3.4156,63.4404,轻微抖动
414,48.8323,7.7632,6.2513,75.7863,严重抖动
415,36.3404,14.2255,1.2532,32.2307,平稳
416,138.1262,7.5157,2.0155,53.5733,轻微抖动
417,-177.8231,10.1933,0.7905,29.9054,平稳
418,19.4376,11.1566,1.3841,44.018,平稳
419,-27.4428,7.5005,2.7937,51.3035,轻微抖动
420,-49.2281,16.0848,7.4855,73.9645,严重抖动
421,-35.3245,13.8014,7.3756,77.9974,严重抖动
422,-106.5368,6.5463,3.7513,63.3269,轻微抖动
423,9.0178,14.4383,7.0029,83.1168,严重抖动
424,-172.0491,7.8013,2.544,50.7663,轻微抖动
425,-29.4152,6.8788,8.9655,85.6012,严重抖动
426,104.0482,3.263,3.7826,66.8136,轻微抖动
427,73.5607,18.6433,1.8248,40.2354,平稳
428,105.0809,16.4199,2.9872,68.931,轻微抖动
429,79.6076,4.4919,6.9468,83.2146,严重抖动
430,82.0844,16.4498,3.0338,53.1104,轻微抖动
431,-130.7357,2.3247,4.0028,56.3844,轻微抖动
432,19.0134,15.0726,8.5504,79.7085,轻微抖动
433,1.7681,15.6062,4.789,50.9905,轻微抖动
434,-28.1835,1.7585,1.5157,22.2334,平稳
435,-141.6155,7.9692,4.1755,61.6083,轻微抖动
436,-77.3259,12.9846,9.7222,89.4294,严重抖动
437,152.871,2.0683,4.4491,55.1763,轻微抖动
438,27.2395,3.3962,3.8792,61.4148,轻微抖动
439,143.7296,12.8466,6.0514,73.2888,严重抖动
440,-113.7439,15.3726,1.5525,43.3695,平稳
441,96.862,9.0846,3.2514,52.3406,轻微抖动
442,-40.3298,16.7618,8.2008,80.6779,严重抖动
443,-80.796,7.3113,7.3194,88.0242,严重抖动
444,-40.5997,6.3725,7.1679,74.7889,严重抖动
445,-23.5689,17.5211,6.451,70.602,严重抖动
446,-36.0061,2.0904,0.4244,40.8475,平稳
447,-29.0395,14.3209,5.9363,80.2608,严重抖动
448,172.4515,8.994,4.1099,55.4724,轻微抖动
449,131.1719,9.6809,5.193,86.1527,严重抖动
450,-120.1734,7.3219,1.3472,43.1125,平稳
451,-113.6515,1.7479,4.7132,68.9132,轻微抖动
452,-79.67,19.2186,6.1914,85.7251,严重抖动
453,-66.0754,2.6524,1.0163,26.5345,平稳
454,-18.0203,14.1653,5.6874,83.7088,严重抖动
455,-33.9677,4.2141,7.4232,86.9737,严重抖动
456,15.7633,14.2044,10.0,79.6714,严重抖动
457,-118.6335,8.3058,4.886,90.0,严重抖动
458,27.536,7.4993,3.5179,52.4917,轻微抖动
459,168.1087,11.8528,2.3543,58.6095,轻微抖动
460,-146.7182,9.7001,6.0615,81.6915,严重抖动
461,-161.4034,1.9366,3.0536,58.2207,轻微抖动
462,170.9655,8.8112,3.0235,53.4918,轻微抖动
463,-148.1118,13.8606,4.7345,61.8178,轻微抖动
464,73.4513,5.1316,1.1948,39.2614,平稳
465,-65.9145,6.0691,9.6409,87.9246,严重抖动
466,67.4044,6.9438,5.129,74.5994,严重抖动
467,-70.5259,16.4209,0.4413,47.0278,平稳
468,-98.942,13.584,3.1962,52.8878,轻微抖动
469,-81.1203,10.0143,6.2305,83.0885,严重抖动
470,6.7492,1.9721,3.4384,61.9849,轻微抖动
471,-63.7885,5.904,2.2172,53.599,轻微抖动
472,110.8646,15.5875,9.1641,81.216,严重抖动
473,53.8402,17.492,6.4729,78.7139,严重抖动
474,159.4738,12.5971,0.764,26.9425,平稳
475,-171.128,14.2371,2.6433,63.2912,轻微抖动
476,54.0674,19.6672,7.5468,80.5281,严重抖动
477,-160.1634,9.111,0.6037,46.6748,平稳
478,-152.2911,13.7445,5.9918,82.3297,严重抖动
479,-147.1128,15.3763,7.8357,72.0604,严重抖动
480,-173.7006,1.9311,1.9883,31.9586,平稳
481,-81.2834,1.5056,5.539,75.365,严重抖动
482,-134.6003,3.4673,5.638,72.8629,严重抖动
483,-141.9659,16.4442,6.8158,80.6831,严重抖动
484,164.8696,1.635,7.6802,77.5071,严重抖动
485,148.2426,3.7857,2.5144,53.7391,轻微抖动
486,174.2722,6.5527,5.8759,70.0488,严重抖动
487,-71.4287,4.5777,6.7315,83.3847,严重抖动
488,-133.0846,13.2252,1.796,26.795,平稳
489,172.784,19.7264,8.4408,88.096,严重抖动
490,-22.4046,6.897,8.1336,81.6641,严重抖动
491,-155.7775,6.0919,7.7191,86.4088,严重抖动
492,54.8212,8.6987,3.8713,63.4154,轻微抖动
493,171.8777,19.3227,3.0156,66.4214,轻微抖动
494,-43.8064,2.6795,1.664,40.2115,平稳
495,-1.1724,17.016,0.8356,22.487,平稳
496,49.4288,2.3432,4.3604,70.4218,轻微抖动
497,-24.4558,16.1314,3.6776,57.6731,轻微抖动
498,-29.7421,3.7419,6.3406,79.8462,严重抖动
499,84.9727,7.0803,0.9572,21.9009,平稳
500,-128.2046,1.1638,9.5484,81.1655,严重抖动
501,-20.6303,14.9122,4.6051,56.1023,轻微抖动
502,132.1242,13.7161,2.3821,65.7633,轻微抖动
503,178.4323,10.1235,4.6407,52.3225,轻微抖动
504,-2.7479,4.654,5.26,59.0235,轻微抖动
505,100.0746,5.1889,1.4301,45.1041,平稳
506,6.218,2.6,1.7687,49.0443,平稳
507,78.3221,15.7596,3.0216,59.4239,轻微抖动
508,128.93,8.7508,8.5517,85.7217,轻微抖动
509,-166.6392,2.5327,1.4113,28.2142,平稳
510,167.3743,6.1973,5.5208,85.8432,严重抖动
511,145.1486,14.5604,2.3159,70.6773,轻微抖动
512,114.4159,19.6,6.1521,74.2334,轻微抖动
513,79.1988,2.9221,1.1027,48.7035,平稳
514,-122.0903,14.3066,6.9664,81.5318,严重抖动
515,12.848,8.4896,5.1154,78.13,严重抖动
516,-60.0121,10.3466,4.8277,54.7592,轻微抖动
517,-18.971,19.3448,0.878,45.3704,平稳
518,-172.3861,8.9597,2.3625,53.022,轻微抖动
519,-82.8927,14.3456,1.0472,33.4203,平稳
520,-139.0874,1.0744,6.7969,87.4593,严重抖动
521,-125.5449,6.4088,10.0,78.3939,严重抖动
522,108.6573,9.8611,0.4156,26.9508,平稳
523,45.033,18.9776,8.7812,72.9036,严重抖动
524,120.9884,3.9409,0.7723,25.8267,平稳
525,4.2979,11.0131,1.4007,23.9242,平稳
526,157.4932,14.1466,1.6415,32.2549,平稳
527,73.1808,8.648,1.558,37.7909,平稳
528,-125.4922,16.1706,7.6727,74.6953,严重抖动
529,19.4757,4.3155,10.0,71.8562,严重抖动
530,38.4178,4.169,9.0143,83.036,严重抖动
531,-58.5083,1.3435,7.9795,69.1214,严重抖动
532,-102.4334,3.2892,4.3702,60.1749,轻微抖动
533,-70.8963,13.1263,9.828,78.9787,严重抖动
534,-17.2026,3.7129,2.1152,61.407,轻微抖动
535,-44.5714,7.9795,4.3715,55.9317,轻微抖动
536,-83.0018,6.2729,5.3848,73.2853,严重抖动
537,3.4232,11.3692,9.7124,72.1036,严重抖动
538,-92.4752,15.1503,4.2087,55.3415,轻微抖动
539,52.2856,13.3685,1.4064,32.8003,平稳
540,-177.3512,10.8459,0.835,39.5839,平稳
541,62.4995,2.2331,8.7947,90.0,严重抖动
542,1.339,16.7739,4.3858,53.4536,轻微抖动
543,140.3411,12.4102,9.5079,84.6622,严重抖动
544,-79.2839,11.7341,2.7252,55.2589,轻微抖动
545,-79.9592,10.4656,1.1382,50.5632,平稳
546,-106.736,17.5939,3.4482,52.0897,轻微抖动
547,-37.4204,4.784,5.142,85.2125,严重抖动
548,-159.0344,5.9832,9.2239,73.3402,严重抖动
549,158.8604,17.7511,9.6028,71.3464,严重抖动
550,-134.5904,11.0611,5.5489,77.3074,严重抖动
551,-111.1528,12.6931,8.0627,88.7208,严重抖动
552,13.7236,2.3405,7.0536,85.5146,严重抖动
553,168.82,14.5652,9.5527,74.3971,严重抖动
554,-27.2261,14.5792,5.0057,63.5617,轻微抖动
555,101.8255,17.0647,7.8248,85.3255,严重抖动
556,105.3143,4.5512,7.21,87.8162,严重抖动
557,139.778,9.7389,5.5659,82.7971,严重抖动
558,21.2892,10.5529,8.0613,85.0808,严重抖动
559,76.6851,7.9594,3.3892,56.5522,轻微抖动
560,22.3599,1.1114,3.2142,70.4274,轻微抖动
561,-32.2907,9.9433,3.6941,60.1452,轻微抖动
562,-41.7531,17.2336,0.541,35.5326,平稳
563,34.7017,7.9545,1.2932,38.796,平稳
564,133.0348,15.5178,1.4007,29.1263,平稳
565,14.6977,16.5489,5.0219,69.3896,严重抖动
566,-131.4077,6.6274,1.5601,36.0007,平稳
567,-133.0855,7.5669,9.184,71.7473,严重抖动
568,19.9065,11.024,0.7984,30.6718,平稳
569,-52.0093,16.3683,7.1264,76.8486,严重抖动
570,-14.6354,16.5413,2.8802,62.0739,轻微抖动
571,116.548,17.2836,6.6068,82.7602,严重抖动
572,166.1557,16.338,4.2819,60.7398,轻微抖动
573,178.0431,13.9043,2.0106,28.2425,平稳
574,179.7146,6.4501,1.201,20.0,平稳
575,133.209,13.086,1.6548,41.1193,平稳
576,82.5265,17.6202,0.766,39.478,平稳
577,-70.7386,8.5711,9.4268,78.0999,严重抖动
578,-159.4443,3.1003,3.1117,52.2782,轻微抖动
579,-26.5254,7.3404,2.5446,52.0491,轻微抖动
580,-95.1963,18.7176,0.5932,23.0602,平稳
581,-103.1265,13.8458,4.9958,55.587,轻微抖动
582,-122.6178,19.3924,9.1134,81.7427,严重抖动
583,-154.1753,5.3084,1.0333,22.7116,平稳
584,147.4512,13.0439,9.5402,81.374,严重抖动
585,-57.5197,17.2626,5.6526,87.068,严重抖动
586,110.4148,1.0695,8.9834,81.491,严重抖动
587,53.6954,14.2633,2.0934,59.7785,轻微抖动
588,-0.7385,6.8906,0.63,49.4945,平稳
589,94.7862,3.5936,8.0731,80.8878,严重抖动
590,72.9466,19.1636,4.9143,48.0778,轻微抖动
591,-23.0231,15.2248,2.0437,61.1405,轻微抖动
592,123.3124,6.761,8.4435,74.0799,严重抖动
593,28.7054,13.6737,4.3061,52.7368,轻微抖动
594,-79.3174,4.6389,3.6968,56.1769,轻微抖动
595,89.1547,11.4631,5.0564,80.4301,严重抖动
596,-165.5751,19.7021,8.2785,89.1229,严重抖动
597,-37.8694,13.2749,3.1303,52.1077,轻微抖动
598,154.7534,10.1921,0.5123,34.3091,平稳
599,100.2657,3.4893,9.0125,84.7928,严重抖动
600,1.329,4.4699,2.3061,43.9277,平稳
601,-5.6936,13.3139,5.8449,70.5947,严重抖动
602,-51.5797,12.2572,0.9942,27.1182,平稳
603,-155.8832,1.5356,0.2134,34.7864,平稳
604,146.6867,3.3271,9.1268,75.6846,严重抖动
605,-79.8683,7.1656,5.2848,77.7321,严重抖动
606,132.0679,12.8989,4.6526,65.1162,轻微抖动
607,42.4128,15.6295,9.1861,71.4577,严重抖动
608,76.0039,1.9874,6.2061,69.2595,严重抖动
609,-32.5581,15.8216,9.9192,71.7128,严重抖动
610,1.7758,4.3518,4.0972,58.2405,轻微抖动
611,-139.4607,18.7458,9.141,85.7988,严重抖动
612,-15.7259,4.2446,1.5741,35.6361,平稳
613,77.2928,18.8164,2.8117,54.0672,轻微抖动
614,142.2307,19.469,9.0226,85.6604,严重抖动
615,-23.7424,16.5691,3.6464,53.5886,轻微抖动
616,-64.5614,11.4944,8.0994,80.3141,严重抖动
617,-111.4511,13.7291,0.5132,25.6549,平稳
618,-64.5436,19.3144,0.8206,29.7967,平稳
619,123.2871,14.7251,1.8036,55.835,轻微抖动
620,-122.9327,10.2619,0.6232,27.3894,平稳
621,139.5905,1.7711,3.6656,63.1936,轻微抖动
622,-20.9343,15.6431,9.3392,77.2951,轻微抖动
623,132.351,5.4188,6.531,88.4784,严重抖动
624,-54.0708,9.0717,1.9709,22.1999,平稳
625,20.4055,13.2694,1.6749,30.1673,平稳
626,74.1565,5.4498,0.1,32.1475,平稳
627,-124.5069,17.2572,2.522,65.1664,轻微抖动
628,0.6625,15.7809,1.8841,43.7197,平稳
629,112.5406,3.443,1.1694,35.9084,平稳
630,30.628,10.7502,3.0628,62.0401,轻微抖动
631,-70.2583,14.0703,0.4153,24.9252,平稳
632,-24.6023,16.5337,5.1237,72.4423,严重抖动
633,-119.444,16.8379,7.6753,87.5779,严重抖动
634,174.1435,19.2536,4.4581,67.3791,轻微抖动
635,-75.0906,7.387,5.6864,81.3041,严重抖动
636,-90.1351,17.6765,0.9629,24.1117,平稳
637,-82.1853,5.0418,8.236,88.2422,严重抖动
638,-80.554,16.0554,8.7184,82.8339,严重抖动
639,-113.0639,5.263,2.432,67.2104,轻微抖动
640,79.6173,13.498,3.6032,59.4972,轻微抖动
641,124.5475,9.1226,9.732,86.5052,严重抖动
642,134.963,15.6639,4.6927,55.0335,轻微抖动
643,115.7528,1.5428,2.317,67.6656,轻微抖动
644,63.3573,14.4075,4.7797,66.2108,轻微抖动
645,-96.7269,14.9622,8.5389,90.0,严重抖动
646,110.0689,12.4477,9.2401,79.681,严重抖动
647,139.0927,16.9196,1.579,46.9981,轻微抖动
648,-163.3457,7.7597,9.0286,84.7485,严重抖动
649,110.8577,4.6072,4.9205,69.4029,轻微抖动
650,-168.6795,14.8034,7.079,77.1991,严重抖动
651,137.6893,12.0655,6.5674,71.0322,严重抖动
652,-167.9235,11.6476,8.6443,81.3185,严重抖动
653,-62.392,9.3063,6.9081,75.6826,严重抖动
654,-160.3135,8.7403,2.7081,61.3798,轻微抖动
655,-28.2405,14.4432,2.0056,27.8497,平稳
656,-131.9512,16.3113,4.9774,71.3062,严重抖动
657,166.0977,12.4507,8.7137,83.4641,严重抖动
658,122.5441,13.3126,9.373,81.219,严重抖动
659,-97.2697,15.2408,3.3666,54.058,轻微抖动
660,-76.2135,13.1306,6.4876,72.3144,严重抖动
661,-90.8578,10.6227,4.3933,64.644,轻微抖动
662,31.1927,12.8631,3.6468,61.0921,轻微抖动
663,127.7066,18.6621,6.7041,87.2362,严重抖动
664,82.7976,3.5031,8.5753,77.4961,严重抖动
665,-175.0897,6.7612,6.9318,78.4303,平稳
666,-32.2118,5.3956,7.0021,72.4806,严重抖动
667,-176.9575,16.945,1.3396,32.1225,平稳
668,-142.3222,16.6303,4.3637,62.5133,轻微抖动
669,-162.2521,1.0446,3.9639,55.9092,轻微抖动
670,-115.7578,2.5122,2.8769,66.0444,轻微抖动
671,96.9302,12.3377,8.4271,81.1911,严重抖动
672,44.9798,14.8485,6.3685,81.442,严重抖动
673,-11.354,12.3678,6.6541,79.3229,严重抖动
674,173.7549,13.1039,0.3911,38.5585,平稳
675,-104.0376,14.0776,9.4091,74.5512,严重抖动
676,105.1884,16.9338,2.4092,51.7046,轻微抖动
677,-142.3871,14.6851,1.212,36.9597,平稳
678,63.7465,15.6726,3.0627,67.3662,轻微抖动
679,123.0511,16.2257,4.9763,63.0817,轻微抖动
680,-91.5726,3.0763,2.246,58.3951,轻微抖动
681,-36.8514,7.3899,1.3667,32.4106,平稳
682,161.5155,4.2254,2.8395,54.8787,轻微抖动
683,66.9155,16.8322,4.1499,57.6977,轻微抖动
684,-67.0384,3.695,2.213,64.4409,轻微抖动
685,171.3882,11.1138,9.4767,72.7252,严重抖动
686,87.2317,15.6378,5.6357,77.794,严重抖动
687,-179.9125,3.4118,3.0369,62.8023,轻微抖动
688,169.5257,8.0985,9.4903,79.656,严重抖动
689,-41.4149,8.6436,5.2787,78.4307,严重抖动
690,-44.5277,7.9006,7.8114,85.8702,严重抖动
691,-76.2652,5.4842,7.7988,75.9869,严重抖动
692,7.2577,7.9315,0.9503,20.0,平稳
693,-88.1686,3.4136,1.9601,49.417,平稳
694,-174.2983,11.5984,0.6142,40.8644,平稳
695,84.0247,17.5543,3.4907,56.3825,轻微抖动
696,-89.3467,19.6396,5.6959,86.6043,严重抖动
697,70.5713,7.507,5.9311,77.6846,严重抖动
698,3.5048,9.0265,1.2868,28.6858,平稳
699,3.7414,19.4193,5.8513,79.2488,严重抖动
700,-165.4811,4.8216,8.4781,73.6577,严重抖动
701,-82.5571,1.5542,1.9244,39.6305,平稳
702,-105.8134,9.3834,7.2724,80.0211,严重抖动
703,-162.2615,17.1963,10.0,72.0044,严重抖动
704,-18.9603,16.0074,1.6223,32.0583,平稳
705,-118.5561,13.5952,1.4374,38.49,平稳
706,165.3248,14.5976,3.44,60.468,轻微抖动
707,13.8183,9.6352,8.7514,86.9759,严重抖动
708,-53.9019,9.5915,2.3082,52.4866,轻微抖动
709,-126.0494,11.8647,1.4965,25.5402,平稳
710,-68.8922,3.4762,0.1,28.5965,平稳
711,-30.9866,6.1311,1.9915,61.077,轻微抖动
712,23.426,17.3148,1.8993,65.2943,轻微抖动
713,-89.0413,9.2988,9.7923,82.1586,严重抖动
714,134.3716,14.3933,0.1617,32.8154,平稳
715,4.9953,5.4001,6.7584,88.1009,严重抖动
716,-27.1826,6.8772,9.5321,89.9164,严重抖动
717,-27.22,3.9785,9.8018,84.4107,严重抖动
718,64.8166,13.068,4.3122,57.0289,轻微抖动
719,139.5227,9.9445,5.2221,75.8057,严重抖动
720,109.0964,8.0994,6.5617,78.7899,严重抖动
721,118.1566,4.2401,4.1451,66.5479,轻微抖动
722,-38.4586,8.3675,5.4423,85.7123,严重抖动
723,61.469,17.0997,4.7583,53.6607,轻微抖动
724,10.672,7.6076,0.2425,48.8127,平稳
725,-33.1128,14.0618,4.2354,70.041,轻微抖动
726,177.5389,3.0157,2.5306,66.307,轻微抖动
727,107.9146,7.5638,0.4889,31.2902,轻微抖动
728,15.3172,19.5904,2.3511,49.8329,轻微抖动
729,-7.5706,18.0429,3.9351,65.5806,轻微抖动
730,-100.4116,10.7364,9.2996,87.3164,严重抖动
731,-30.0268,13.322,9.9377,90.0,严重抖动
732,-175.7168,6.57,3.075,62.4673,轻微抖动
733,45.9022,15.9038,0.1,42.8331,平稳
734,2.1899,14.6272,6.2999,73.3658,严重抖动
735,159.337,16.8116,8.5772,73.5687,严重抖动
736,3.689,19.5711,1.9874,65.6401,轻微抖动
737,-76.4808,4.0461,2.6838,53.4362,轻微抖动
738,89.2525,4.7417,6.3657,73.1951,严重抖动
739,86.2589,8.9351,7.5534,77.3688,严重抖动
740,124.7167,10.3185,2.618,58.8028,轻微抖动
741,-64.9723,4.1075,1.0665,41.321,平稳
742,167.2642,10.6752,4.3984,51.5583,轻微抖动
743,-148.6505,1.6939,2.356,55.1397,轻微抖动
744,168.4875,14.356,3.3366,50.1937,轻微抖动
745,30.0319,2.1696,1.5906,45.7307,平稳
746,-176.9884,2.5707,7.7341,73.3526,严重抖动
747,-157.9324,10.986,1.3986,32.9879,平稳
748,-107.7016,9.5888,8.4831,76.0809,严重抖动
749,157.8102,18.369,8.0369,83.4058,严重抖动
750,-37.6272,4.3184,0.1,22.2149,平稳
751,133.8718,14.0601,1.6595,43.5399,平稳
752,-102.3697,2.5923,0.9379,29.8697,轻微抖动
753,9.7455,1.7259,4.8379,57.8644,轻微抖动
754,-120.8934,3.3458,6.2527,76.2721,严重抖动
755,-70.7568,17.4148,3.4031,51.9101,轻微抖动
756,116.674,1.1012,7.9292,82.873,严重抖动
757,-84.745,10.8705,3.3603,66.7292,轻微抖动
758,34.7308,6.2246,5.8177,71.7153,严重抖动
759,-57.4615,10.0548,9.1295,78.0614,严重抖动
760,-23.0226,12.9707,3.0417,57.343,轻微抖动
761,-5.4028,6.806,0.3659,39.0607,平稳
762,79.041,3.0416,3.7597,69.0646,轻微抖动
763,171.3854,5.8798,8.3836,70.9335,严重抖动
764,16.966,1.7749,4.0372,60.9298,轻微抖动
765,152.0996,17.2007,3.0755,59.2472,轻微抖动
766,6.1741,8.03,2.6706,56.0656,轻微抖动
767,-58.3308,9.9271,7.5912,76.2898,严重抖动
768,72.7792,10.7512,2.1877,62.6771,轻微抖动
769,-131.2492,6.5346,3.7165,61.94,轻微抖动
770,130.3751,17.8935,3.3579,53.346,轻微抖动
771,-30.317,12.4206,4.6849,67.3165,轻微抖动
772,-83.3194,15.7555,7.2897,85.2757,严重抖动
773,166.1906,10.7179,3.0212,56.2394,轻微抖动
774,-1.4128,4.213,4.1102,62.7691,轻微抖动
775,127.4214,4.2717,6.4963,73.6688,严重抖动
776,107.2595,11.6994,0.2449,24.3622,平稳
777,85.9601,19.2384,7.3242,71.5948,严重抖动
778,13.2726,18.3051,9.0689,84.9545,轻微抖动
779,85.2541,10.0429,9.1856,84.5769,严重抖动
780,-127.4339,6.4944,6.3611,76.61,严重抖动
781,-58.9805,6.5154,2.9431,58.8407,轻微抖动
782,124.6745,14.9137,0.9075,49.5209,平稳
783,17.583,11.2282,5.8732,76.71,严重抖动
784,124.7524,10.5981,5.6399,85.7134,严重抖动
785,-47.575,11.55,1.5664,42.6635,平稳
786,41.8407,9.1458,3.5866,66.4179,轻微抖动
787,-103.9453,13.0209,7.3328,72.9009,严重抖动
788,-159.013,19.97,4.9046,67.3986,轻微抖动
789,-54.8144,17.652,7.7351,81.0663,严重抖动
790,7.2298,16.7748,7.9451,78.1791,严重抖动
791,29.292,15.8349,3.1978,55.575,轻微抖动
792,135.473,6.6616,2.1618,21.9167,平稳
793,135.5753,18.3372,0.1,42.8159,平稳
794,-95.2534,14.8126,2.8598,52.4537,轻微抖动
795,3.0262,3.9902,1.7951,46.1667,平稳
796,35.3457,6.0237,6.7263,71.2925,严重抖动
797,118.3202,16.6349,9.6511,73.6771,严重抖动
798,22.5477,3.5596,1.0411,33.1377,平稳
799,-78.337,16.8708,4.6971,50.5593,轻微抖动
800,-37.3118,2.4789,1.4686,29.2973,平稳
801,-141.7075,2.5646,3.6122,68.9188,严重抖动
802,30.2003,4.9857,3.1032,69.1903,轻微抖动
803,-170.8486,1.7488,9.6362,88.7244,严重抖动
804,-123.9569,5.3202,3.964,51.2736,轻微抖动
805,-164.1268,8.4858,0.9742,33.6905,平稳
806,155.7155,5.7209,4.0213,53.4601,轻微抖动
807,75.5658,1.2031,4.8172,75.7854,严重抖动
808,-89.1831,3.9763,2.4104,66.7311,轻微抖动
809,96.1805,13.5363,1.6227,48.3295,平稳
810,-3.5201,7.8075,1.0334,24.0067,平稳
811,151.7161,9.0384,3.8942,52.9974,轻微抖动
812,109.0679,9.1155,2.82,54.0644,轻微抖动
813,-80.7996,16.2154,9.3447,80.5958,严重抖动
814,2.8261,4.0825,8.165,73.8456,严重抖动
815,155.0385,6.1385,7.1787,84.1531,严重抖动
816,27.9849,10.7866,3.9764,59.3355,轻微抖动
817,61.8811,18.3207,1.1139,47.1824,平稳
818,53.1612,9.0133,4.8413,87.6086,严重抖动
819,19.6917,11.9303,5.0923,73.7774,严重抖动
820,-54.3023,13.7361,4.5647,52.1243,轻微抖动
821,100.6475,11.929,6.5463,86.6698,严重抖动
822,169.5075,19.0021,0.9971,25.152,平稳
823,-28.3043,16.0829,6.2343,75.03,严重抖动
824,70.4307,18.8199,4.3928,59.6129,轻微抖动
825,6.2645,1.2843,5.3885,73.7907,严重抖动
826,-30.6951,18.6767,2.8697,56.1764,轻微抖动
827,12.0923,3.149,5.7888,77.365,严重抖动
828,-48.8124,7.7071,7.9547,89.4473,严重抖动
829,104.9904,10.0384,6.1949,73.5001,严重抖动
830,-121.4759,19.9148,5.2171,76.5871,严重抖动
831,111.9655,17.3207,1.2186,21.7127,平稳
832,-159.9352,11.9053,4.1835,61.4627,轻微抖动
833,-117.1498,6.4351,9.0713,75.9414,严重抖动
834,-27.7645,11.7493,2.4617,60.7034,轻微抖动
835,-149.6626,16.4254,8.8079,74.9274,严重抖动
836,119.1321,1.7903,7.2758,70.2655,严重抖动
837,-39.0673,17.0541,0.367,44.3859,平稳
838,-135.8931,5.0285,0.1,35.0864,平稳
839,63.7659,17.6156,8.2386,82.0522,严重抖动
840,-60.8806,6.1261,7.2645,87.153,严重抖动
841,-95.7499,12.1736,1.9174,45.6786,平稳
842,-156.0139,19.5455,5.7575,69.3882,严重抖动
843,20.9634,7.1712,3.7206,61.8306,轻微抖动
844,143.1032,18.9875,3.2812,53.2172,轻微抖动
845,-60.2436,10.561,7.7202,74.0112,严重抖动
846,-116.2644,1.5419,0.1656,20.1266,平稳
847,171.205,12.7091,9.3932,84.2524,平稳
848,132.035,10.8653,9.2369,85.638,严重抖动
849,-170.839,13.2122,2.8617,63.4986,轻微抖动
850,-130.7092,7.4793,8.8738,84.7526,严重抖动
851,8.3268,13.0275,8.7355,71.0439,严重抖动
852,-4.7495,19.593,0.4574,29.1558,平稳
853,-103.9374,10.1676,2.7091,60.9569,轻微抖动
854,20.1789,6.4123,3.6963,60.074,轻微抖动
855,-176.2106,19.8171,2.663,67.1052,轻微抖动
856,-76.3277,18.3856,6.1977,78.2002,严重抖动
857,-8.1043,10.3974,8.8792,81.6521,严重抖动
858,-132.7964,9.6519,4.8017,55.6944,轻微抖动
859,-29.3592,7.5467,8.2325,74.1267,平稳
860,81.9336,13.907,1.8419,26.7913,平稳
861,-118.5983,3.5884,4.0617,64.7766,轻微抖动
862,-118.0441,6.8032,7.0768,72.3257,严重抖动
863,-137.2839,11.8374,1.8003,22.0838,平稳
864,-147.1519,13.9,8.7723,76.3779,严重抖动
865,-110.254,5.9733,7.6405,88.1511,严重抖动
866,-149.7594,13.949,0.5092,52.1573,平稳
867,-68.347,9.5754,9.4217,76.7397,严重抖动
868,118.8659,7.8488,3.8959,51.4915,轻微抖动
869,8.0544,1.1372,1.2184,48.7388,平稳
870,-50.7345,1.8642,3.318,67.3824,轻微抖动
871,-86.9097,14.7599,8.4312,84.0482,严重抖动
872,38.2741,7.9355,8.7191,83.8245,严重抖动
873,-88.4816,17.3796,5.3158,77.9627,严重抖动
874,16.3306,1.9729,8.7179,84.0239,严重抖动
875,105.7383,15.9189,1.9619,40.9828,平稳
876,21.3487,4.5608,9.2848,78.1568,严重抖动
877,-63.5006,16.9345,4.7573,61.0585,轻微抖动
878,-49.2519,6.4559,1.5257,29.0835,平稳
879,-84.0038,14.6058,3.6269,69.2077,轻微抖动
880,162.8969,16.8644,4.0457,67.3802,轻微抖动
881,-172.715,10.9559,8.7116,76.6056,严重抖动
882,-50.2081,16.1714,9.661,82.2176,严重抖动
883,-73.9264,1.9504,8.6256,75.3731,严重抖动
884,-142.6571,16.8823,2.4398,69.8161,严重抖动
885,-70.6294,10.6802,1.585,23.7349,平稳
886,78.9161,17.7525,5.9098,75.3594,严重抖动
887,35.6827,19.8504,3.2159,59.7807,轻微抖动
888,77.0656,17.4836,1.0303,29.149,平稳
889,44.3279,10.3972,7.9908,76.0139,严重抖动
890,-147.2357,5.3897,0.4505,47.6558,严重抖动
891,144.3469,19.5532,6.143,77.15,严重抖动
892,-32.7082,5.8264,9.0422,75.452,严重抖动
893,133.6273,15.2181,6.3822,83.1341,严重抖动
894,41.3175,18.1527,5.0691,83.4376,严重抖动
895,-47.4083,7.9165,2.4885,57.2837,轻微抖动
896,-8.9288,18.9572,7.6744,70.1358,严重抖动
897,156.4409,9.2102,8.9722,81.0852,严重抖动
898,147.1995,5.0854,4.6629,59.7002,轻微抖动
899,83.3925,9.3495,2.0859,39.9207,平稳
900,163.8355,4.6673,3.2116,50.5229,轻微抖动
901,-46.5442,4.503,8.8343,77.429,严重抖动
902,3.2412,17.8685,7.8002,86.3926,严重抖动
903,126.8515,15.3745,3.8791,50.2443,轻微抖动
904,80.153,7.1057,5.8093,83.0254,轻微抖动
905,52.4845,3.2344,2.7295,56.176,轻微抖动
906,-67.637,10.1534,6.6708,74.6137,严重抖动
907,9.247,18.9962,2.2401,69.0442,轻微抖动
908,-64.3533,7.7713,0.8064,28.8248,平稳
909,-113.6702,3.0225,1.4538,51.7995,平稳
910,97.9072,1.7301,5.5511,74.9215,严重抖动
911,76.3031,10.3716,1.2968,31.0445,平稳
912,114.0363,4.7295,4.2395,51.0902,轻微抖动
913,179.7588,19.815,2.1107,67.0097,轻微抖动
914,166.3178,2.5471,7.6037,71.0063,严重抖动
915,92.1304,13.2519,4.1472,58.2511,轻微抖动
916,-1.9375,3.5077,7.4957,76.5338,严重抖动
917,-1.8874,6.6995,9.6543,79.045,严重抖动
918,51.4847,9.8373,2.4727,63.4833,轻微抖动
919,-104.8,15.7278,9.0885,75.0962,严重抖动
920,-64.796,7.4504,0.6586,23.1393,平稳
921,-39.3417,18.9847,2.1102,31.8134,平稳
922,85.1964,9.7006,2.4703,69.2571,轻微抖动
923,-166.3981,1.8173,5.6887,80.0392,严重抖动
924,-66.6772,1.9946,2.4212,59.6398,轻微抖动
925,134.9917,18.5575,3.6796,56.0183,轻微抖动
926,-164.8779,18.2306,6.8432,85.0093,严重抖动
927,119.2058,1.2942,4.668,52.5474,轻微抖动
928,99.1137,11.9141,7.7192,87.1206,严重抖动
929,-165.4999,8.3419,6.8113,86.826,严重抖动
930,-55.3091,12.3882,0.5501,30.1866,平稳
931,-83.64,18.3203,7.2283,69.6992,严重抖动
932,114.8992,19.9268,2.7584,56.2223,轻微抖动
933,-17.8596,13.2868,6.381,69.9661,严重抖动
934,-66.7737,14.3036,9.5129,75.21,严重抖动
935,84.2848,2.9774,8.3469,71.8991,严重抖动
936,-27.5669,4.2764,2.7562,66.7728,平稳
937,80.0861,16.8752,9.6489,84.5544,严重抖动
938,-63.3686,13.8987,4.1346,52.1497,轻微抖动
939,-11.0584,7.5884,7.0488,87.953,平稳
940,-30.362,16.8088,8.6504,79.385,严重抖动
941,158.5445,11.5357,2.205,54.149,轻微抖动
942,145.9687,16.116,5.9885,88.5099,严重抖动
943,120.6884,7.2147,1.4309,34.9345,平稳
944,-129.0424,14.4974,5.9626,73.9531,轻微抖动
945,-35.4803,15.5321,4.046,63.7528,轻微抖动
946,-140.1889,12.9269,4.5719,68.7616,轻微抖动
947,134.7307,4.2492,4.9845,80.8832,严重抖动
948,-171.0447,8.1599,7.1492,83.8069,严重抖动
949,-84.7826,3.848,7.0832,83.5788,严重抖动
950,114.0283,15.4656,1.0127,28.2476,平稳
951,83.0545,1.8044,4.1164,70.7373,轻微抖动
952,-171.6815,1.9715,2.2635,48.2252,轻微抖动
953,160.9515,12.4553,9.2562,77.934,严重抖动
954,-67.4437,4.3864,3.0558,51.7528,轻微抖动
955,151.9534,15.2718,2.7387,62.2789,轻微抖动
956,-92.126,14.8513,6.2433,73.2144,严重抖动
957,54.9097,12.6295,2.8912,53.8529,轻微抖动
958,-28.3711,16.9518,3.2648,56.4506,轻微抖动
959,92.8289,11.0747,1.1715,48.7929,平稳
960,2.8023,10.421,2.0029,64.5092,轻微抖动
961,-99.397,9.4344,9.1731,83.7507,严重抖动
962,132.9624,5.5163,0.1,46.93,平稳
963,-158.9073,5.0942,3.2238,68.0484,轻微抖动
964,-39.9157,11.5952,6.3223,70.0465,严重抖动
965,-164.8639,12.3665,3.3837,56.5965,轻微抖动
966,121.8016,11.5547,7.4288,80.4504,严重抖动
967,146.2515,10.6211,6.8755,86.5525,严重抖动
968,80.689,16.4326,5.2623,86.2502,严重抖动
969,-30.9353,5.8202,5.6647,80.4371,严重抖动
970,-125.4284,13.296,2.7836,50.3352,轻微抖动
971,161.9838,16.3071,1.1636,37.4063,平稳
972,169.1355,1.4751,0.3874,47.5011,平稳
973,154.4208,18.3043,0.1664,27.7942,平稳
974,44.5053,10.1523,6.9835,79.6331,严重抖动
975,-50.6904,12.0279,1.0455,44.6006,平稳
976,179.55,8.0653,0.8817,33.5796,平稳
977,67.721,1.4021,8.1655,71.8937,严重抖动
978,-101.423,4.1206,0.653,33.0914,平稳
979,-61.6157,13.4163,2.3052,55.0916,轻微抖动
980,153.7829,18.1264,2.7003,58.1331,轻微抖动
981,-126.5813,13.0848,0.7939,29.2183,平稳
982,-137.7137,14.1017,9.766,87.258,严重抖动
983,77.0596,6.5596,4.9781,53.6516,轻微抖动
984,-158.1974,17.8496,3.2062,51.2563,轻微抖动
985,159.9325,10.8284,5.7961,86.7721,严重抖动
986,5.1555,16.1714,4.6523,66.8331,轻微抖动
987,73.586,14.5316,1.5443,45.367,平稳
988,142.5075,11.981,9.7679,73.1683,严重抖动
989,25.3648,2.756,5.4971,75.403,严重抖动
990,-92.3962,17.6721,4.296,61.4546,轻微抖动
991,-85.9943,2.8564,8.4733,73.1548,严重抖动
992,-66.8731,19.497,4.5884,54.6735,轻微抖动
993,-51.5533,16.0521,8.618,73.2884,严重抖动
994,175.2889,8.5628,7.6146,83.4881,严重抖动
995,128.2678,10.3216,3.3213,65.7131,轻微抖动
996,62.8826,2.0571,1.3062,34.3984,平稳
997,-176.0299,18.6046,7.0232,75.2146,严重抖动
998,-144.5625,19.609,9.2716,84.5821,严重抖动
999,23.6032,2.4722,0.1,21.1608,平稳
1000,-146.3645,10.2025,1.8164,46.305,平稳
