时间(s),关节角度(°),电机电流(A),振动值(mm/s),温度(℃),健康状态,状态编码
1,79.9196,18.8325,-0.9271347624208537,-1.5853636098137542,轻微抖动,2
2,-15.8148,15.9183,-1.5554865575183108,-2.0837506967444845,严重抖动,0
3,-118.6113,2.236,-0.9246016305872528,-0.3282424118265524,轻微抖动,2
4,66.3239,9.3629,1.57678161736575,1.3860071261526254,严重抖动,0
5,-113.4524,19.4221,-0.6760845101654571,0.05133075480628456,轻微抖动,2
6,-148.1427,4.7237,1.051106099256912,1.2854144711019972,严重抖动,0
7,-51.5688,6.3378,-1.504148419024001,-1.083256086994908,平稳,1
8,97.6573,2.4068,1.7837216006253775,0.6749707773027002,严重抖动,0
9,3.0854,18.2438,-1.4645977873287142,-1.8445365833436658,平稳,1
10,109.3219,4.5448,-1.2642101717453333,-1.066219308348767,平稳,1
11,-26.2412,16.5423,1.0969388978995291,1.0322004565962488,严重抖动,0
12,166.481,5.7839,-0.5384847889642617,-0.2103938220185621,轻微抖动,2
13,-3.797,19.7274,-1.396338328185951,-1.1738301769611283,平稳,1
14,-47.5981,13.0138,-0.7984854403650478,0.30033905917764103,轻微抖动,2
15,19.8723,11.0634,1.591406231818405,0.8930154539600599,严重抖动,0
16,81.344,18.0451,1.3472798732415174,1.1668510149312137,严重抖动,0
17,143.4795,12.5222,1.3647753704389203,0.6515367274099534,严重抖动,0
18,54.7061,5.2611,-1.5129299427138172,-1.9398277477037948,平稳,1
19,-47.6223,6.0388,0.6722509022235765,1.0351173200765533,严重抖动,0
20,-109.7125,14.7266,0.739598433906243,0.6952479355933286,严重抖动,0
21,-25.8537,19.3664,1.5740458349854611,1.324987803185407,平稳,1
22,-65.9081,4.2204,1.609408355382528,0.7819189595787489,严重抖动,0
23,41.4026,19.811,0.3488544048005409,1.342165467903047,严重抖动,0
24,-74.3069,16.3779,1.4513747040569527,0.5729953515503179,严重抖动,0
25,107.3863,13.3493,1.15493072934343,1.0200946904525898,严重抖动,0
26,-146.1665,11.9873,0.7704013170028287,0.7508979338356231,严重抖动,0
27,-161.3946,11.0957,0.22787202842776672,0.49778827938283693,严重抖动,0
28,-82.5004,9.3405,0.7355791980635965,1.3637732168689483,严重抖动,0
29,-123.6827,5.7546,-1.345270390420559,-1.9925921904816737,平稳,1
30,85.6429,11.5327,0.19581946695993796,0.4667568176344145,严重抖动,0
31,-3.0183,9.996,-1.1834201537990252,-1.900666637829588,平稳,1
32,45.3096,10.5596,-0.2527137430429769,0.04446908132399499,轻微抖动,2
33,158.4829,11.934,-1.024339474648895,-1.9526901242314325,平稳,1
34,-41.0031,19.2626,-0.11345904237716209,-0.0183347985488839,轻微抖动,2
35,124.1551,1.4422,-1.3564161704884026,-1.8308654164055682,平稳,1
36,-116.1218,15.2617,0.6024377888895383,1.0391195281076682,严重抖动,0
37,-57.3107,18.6844,1.021586669622684,1.3071683241420464,严重抖动,0
38,142.3884,8.3948,1.0434053784827655,0.5424700360587644,严重抖动,0
39,-74.4441,7.2446,-1.1210713356013309,-0.9655170752425282,平稳,1
40,-2.0087,2.0936,0.7354103226080229,0.5820851121633583,严重抖动,0
41,-149.7215,14.3184,-1.1225912147014914,-1.586647238465194,平稳,1
42,21.0255,9.0602,1.1137588932746385,1.2279955699619878,严重抖动,0
43,166.3821,8.1225,-1.0723338791228516,-1.7256078669875132,平稳,1
44,8.3152,12.9586,0.21561167035313894,1.3511821764790135,严重抖动,0
45,66.5032,4.0897,-0.5031898187494239,-0.05498604914934078,轻微抖动,2
46,131.783,1.8592,1.4012186937516573,0.9325313880143397,严重抖动,0
47,169.1692,17.0003,-1.4473724908602286,-0.9260376672067854,平稳,1
48,160.1157,17.1433,1.163002976119838,1.4373835802261021,严重抖动,0
49,42.5262,7.8051,-0.8208783257740788,-0.5276483830247963,轻微抖动,2
50,21.9377,17.6564,0.2639438257382423,0.6110398088578255,严重抖动,0
51,145.4971,7.6169,-1.5554865575183108,-0.821614998212431,平稳,1
52,161.8274,3.7944,0.27316442561254906,0.5391357323666099,严重抖动,0
53,48.0243,5.5628,-0.6923978791738462,-0.506625050355485,轻微抖动,2
54,-55.5598,18.039,-1.2770447063689108,-1.8180343478938197,平稳,1
55,-55.7703,7.6048,-0.0008528886008281336,0.18587173508563887,平稳,1
56,13.1726,18.5568,-1.0183275084304826,-0.8978187088857047,平稳,1
57,89.8618,1.579,0.247968207641,0.35513852298829035,严重抖动,0
58,-56.5463,10.0054,0.33534436835466996,0.7870743461951001,严重抖动,0
59,20.7872,12.1442,-0.19428283541458494,0.10583279246599034,轻微抖动,2
60,-178.092,19.5263,-1.3710745600321725,-2.077525619585267,平稳,1
61,-106.1721,19.3919,1.071303603743489,0.6138314402745744,严重抖动,0
62,-64.5688,12.2838,0.8101883743359185,0.5206326949763448,严重抖动,0
63,66.4458,2.6695,-0.1859741630003745,-0.4006735065852286,轻微抖动,2
64,105.9442,3.0273,-1.096145318358699,-2.215218273464091,平稳,1
65,-106.1993,8.2053,1.3353234909869218,0.4982161555999836,严重抖动,0
66,117.0478,4.5417,1.578233946283681,0.47499082581316154,严重抖动,0
67,65.8735,9.587,-0.7859211064703878,0.14724807948418905,轻微抖动,2
68,27.8951,7.7519,0.8790220100276309,1.2437643739646331,严重抖动,0
69,82.9977,14.1806,-0.4010877183097543,-0.16043666466537654,轻微抖动,2
70,-128.4739,4.8863,0.15701188726917384,0.5720874190895437,严重抖动,0
71,-32.7761,15.6658,0.1870379432701219,0.0050627253253261945,轻微抖动,2
72,-56.6913,5.3197,0.41525623393199657,0.4287332323374994,严重抖动,0
73,-143.2034,18.4563,0.5593745477183248,1.0421146616276935,严重抖动,0
74,-142.4711,16.9684,0.579977353298278,0.587480526901524,严重抖动,0
75,103.6044,12.4707,-0.7007741017702863,-0.04886011404043733,轻微抖动,2
76,31.3446,1.6241,-1.2784970352868419,-0.9191499037112554,平稳,1
77,-103.4349,10.7883,-1.4907397078514744,-1.0066245001044876,平稳,1
78,-68.4227,8.549,0.21750307545556097,0.9399826957958681,严重抖动,0
79,31.4833,6.5868,-0.4840731171785164,-0.3902583732995636,轻微抖动,2
80,91.1686,6.1737,0.08621929629281017,0.5242957328353313,严重抖动,0
81,-109.3993,10.6046,1.204580113282006,1.1902433208027756,严重抖动,0
82,175.9424,12.4608,0.46453409186831085,1.0608368551291798,严重抖动,0
83,47.9667,14.9822,1.0280377120255875,1.230474121219849,严重抖动,0
84,-49.2987,1.6503,0.6970755941928644,1.2000896917997945,严重抖动,0
85,-10.4164,4.46,1.7143813385669453,0.5565377711981196,严重抖动,0
86,-101.5117,13.256,0.1242500488879367,-0.26067449553593164,轻微抖动,2
87,-155.8169,8.6997,0.8198818254858311,0.7992792543890738,严重抖动,0
88,-89.737,13.0289,0.047175290964243284,0.3441963714351643,严重抖动,0
89,-28.067,7.7236,0.07541126713611342,-0.0317346293492787,轻微抖动,2
90,-53.4455,8.8431,1.225925970866482,1.0562763208147152,严重抖动,0
91,166.3556,16.0103,-1.316257587153051,-2.215218273464091,平稳,1
92,52.7994,14.1703,0.9852108964921765,0.43053344325110426,严重抖动,0
93,21.8438,10.1402,0.05744291866310496,-0.20542628349754352,轻微抖动,2
94,7.2605,9.1095,0.49651910315391046,0.7593667521335363,严重抖动,0
95,-176.5852,2.001,-1.5114100636136567,-1.551217000484399,平稳,1
96,-36.6165,2.7423,-1.0839525104663004,-2.128797713605781,平稳,1
97,77.5992,12.1931,-0.5564869125283848,-0.3301261107825268,轻微抖动,2
98,107.2762,5.9207,-1.469089874446966,-1.8369130814747496,平稳,1
99,176.1066,15.1237,0.42893514583344083,1.4373835802261021,严重抖动,0
100,-136.678,1.892,-1.370365283118764,-0.7016531173319489,平稳,1
101,6.5737,12.3482,1.680167171267777,0.8960523315012708,严重抖动,0
102,-167.4485,18.0035,1.7882474628347447,1.0106344516515327,严重抖动,0
103,25.6748,13.5801,0.2283111046122577,1.3796829069430931,严重抖动,0
104,-91.6972,3.9895,0.27340085125035185,1.0779414678097468,严重抖动,0
105,137.3894,19.265,-0.9976909277594146,-1.0444915453219583,平稳,1
106,100.7443,3.0326,-0.48309363953619083,-0.23936417272097343,平稳,1
107,74.942,2.2797,0.5296862426285234,1.204300619936835,严重抖动,0
108,115.7447,8.0648,1.3834867709164518,1.299393500196335,严重抖动,0
109,127.5155,11.0135,-1.5062086995819965,-1.6384411327505208,平稳,1
110,166.7652,1.5947,1.22035308083256,0.5798413710246633,严重抖动,0
111,-64.5326,14.764,0.8664576761329712,1.2281677640493758,严重抖动,0
112,-122.6715,4.8703,1.268719011308778,0.5968050976337298,严重抖动,0
113,-132.7518,1.618,-1.1407959888123025,-1.8481787491920596,平稳,1
114,-3.026,2.22,-1.2089203475906065,-1.6170055778720074,平稳,1
115,70.1935,17.3423,-1.1462337784817656,-0.8204096396007133,平稳,1
116,-37.1076,3.5216,-0.4805942827937047,-0.3776047168778512,轻微抖动,2
117,41.9776,12.6459,-0.9009590668069787,-1.7609024368994564,轻微抖动,2
118,-6.8746,1.7743,0.20983612977252908,0.29024744205616,轻微抖动,2
119,-150.6505,8.662,-1.3753302215126217,-1.7810282731132894,平稳,1
120,5.0385,12.1731,0.54887049438166,0.5944100344182385,严重抖动,0
121,55.8034,19.8505,-1.3552002672082741,-0.6421574511379837,平稳,1
122,-34.0883,12.4353,-0.3050651342707267,-0.4650636592631387,轻微抖动,2
123,-145.7059,13.3903,-1.125664747992927,-0.5946005750029374,平稳,1
124,161.49,5.798,-0.06593748917881115,0.14016724989067822,轻微抖动,2
125,20.9305,11.2582,0.19683271969337832,0.7805414068796431,严重抖动,0
126,-115.1962,2.6826,-1.1342436211360551,-1.40837939599452,平稳,1
127,7.8228,7.5104,0.053727658640490415,0.32166503600054414,轻微抖动,2
128,-112.1943,14.8858,-1.1074261987910012,-1.6814740005896391,平稳,1
129,119.1158,17.4276,-1.0402475425639082,-1.360556401724419,平稳,1
130,60.1097,11.9665,1.146250530926958,1.1513848550821604,严重抖动,0
131,-140.7205,13.3597,1.319043897069647,1.4291860980658917,严重抖动,0
132,-65.8095,17.5091,1.0640081840627187,1.1550322389332017,严重抖动,0
133,-8.3896,8.4929,0.264078926102701,1.1676858953549145,严重抖动,0
134,-24.8896,18.0376,0.2937334561013876,0.6553354333377913,严重抖动,0
135,8.3105,13.7318,-0.9277764891520326,-0.4984014781820339,轻微抖动,2
136,107.9212,4.5071,1.6389277850167563,0.7964510969537875,严重抖动,0
137,-87.9678,6.7391,-0.9591535487975679,-0.8766857981607828,平稳,1
138,-126.1066,9.055,0.9615007825296731,0.938380768982892,严重抖动,0
139,-115.7595,6.9332,-1.049366817164871,-1.2704258419832894,平稳,1
140,-19.5153,14.7658,-0.9684754739452187,-1.1401949318912894,平稳,1
141,145.9889,15.6798,-1.4762501937632777,-0.8751099613610479,平稳,1
142,-56.3182,12.726,-0.7799429153430899,0.26550889150138146,轻微抖动,2
143,-19.3132,7.3378,-0.8849496736186216,-0.6505688714067676,轻微抖动,2
144,-55.3242,5.5421,-1.3905290125142267,-1.8774204360321738,平稳,1
145,-121.7649,15.9392,0.16194305057191666,0.7916870605360463,严重抖动,0
146,62.7494,11.1171,-0.18806821864948442,-0.5642578896040683,轻微抖动,2
147,27.0588,10.1077,-1.0353501543522798,-1.3556566972378261,平稳,1
148,117.0723,13.6598,-0.5413218966178945,0.07254193557092839,轻微抖动,2
149,43.0517,13.3538,1.6247760218397063,0.9489211343321129,严重抖动,0
150,178.1519,2.0978,-1.0615596250572694,-1.8744513925253885,平稳,1
151,-70.8209,2.9199,0.7304453842141655,1.345604131648164,严重抖动,0
152,44.6025,11.0138,0.17741204230243882,1.4373835802261021,严重抖动,0
153,-173.0908,5.9365,0.8955042544915934,0.5811041276655101,严重抖动,0
154,17.2654,9.6332,-1.516003476005253,-1.2888662633417767,平稳,1
155,103.2852,6.9927,-0.2172161222814511,-0.52083367156634,轻微抖动,2
156,41.0161,2.2664,0.037684490361018876,0.1356484595973984,轻微抖动,2
157,-54.1068,15.7184,-1.3686765285630302,-1.853287173784578,平稳,1
158,-172.4598,2.5613,-0.8932245709417177,-1.7995469645114988,平稳,1
159,112.2371,13.4731,1.781222243882892,0.8429956805750972,严重抖动,0
160,40.6582,18.9184,-1.1977407924316483,-1.1335680685281662,平稳,1
161,123.1195,14.8413,1.2294048052512936,0.8673376629286181,严重抖动,0
162,-103.1359,10.6112,1.7639969474144064,1.1577038562890443,严重抖动,0
163,-72.8826,11.7354,1.4109796950837985,0.5455904016423453,严重抖动,0
164,-13.8393,1.1773,0.8350806164874358,1.0273738041467295,严重抖动,0
165,-52.0616,15.892,-0.824627360887808,-0.0744961610506945,轻微抖动,2
166,-152.259,2.1125,0.7590191112971825,0.6819472468432479,严重抖动,0
167,-61.8506,9.2464,0.6234458955628678,0.7279700301997446,严重抖动,0
168,155.9208,13.2087,-1.1570080325473475,-1.360034601459606,平稳,1
169,122.3288,8.2928,-0.17057272145208152,0.12896419820514518,轻微抖动,2
170,158.6445,5.9266,-0.9291274927966197,-1.0305333882382137,平稳,1
171,90.495,13.4821,0.9077646125662213,0.4949653399501989,严重抖动,0
172,-90.1634,6.167,-1.4240339028999864,-1.2492198792212938,平稳,1
173,-29.2344,5.943,0.7114975580988315,1.3112488022128836,严重抖动,0
174,23.5189,9.8147,0.9418436795009307,1.270897987734903,严重抖动,0
175,8.4207,3.1806,-1.0070128529070657,-1.427414669654894,平稳,1
176,-150.5789,9.7077,1.3325201584244037,0.39620942183171226,严重抖动,0
177,54.3504,11.3632,1.5763763162723738,1.0467273759686397,严重抖动,0
178,136.0188,17.7121,-0.9964750244792862,-0.8819090188115597,平稳,1
179,-106.6441,10.9433,0.7290606054784636,0.7431283278925587,严重抖动,0
180,141.8363,13.4316,1.288072138517488,1.062971018212265,严重抖动,0
181,174.2797,13.6905,1.4302990472013946,0.7204821963996796,严重抖动,0
182,140.4929,2.5087,-0.9328089777281194,-1.966481305230437,平稳,1
183,-10.3796,16.6111,1.4361421379642334,0.8039493667591491,严重抖动,0
184,-54.7411,9.5567,0.8091751216024784,0.7730379190716332,严重抖动,0
185,-79.4606,13.2148,-0.4955904232486214,0.3326958935986884,轻微抖动,2
186,95.7833,15.9805,-1.4097808144495927,-1.0909682949088422,平稳,1
187,171.6481,3.1037,-0.051143999270582455,-0.4475676963839628,轻微抖动,2
188,147.8773,15.3253,0.9664657209235308,1.1040627890662793,严重抖动,0
189,134.1914,3.139,1.7239396893523988,0.3977904766340959,严重抖动,0
190,35.4087,6.6475,-1.2340152402888118,-1.3554062331107157,平稳,1
191,-83.6004,15.9941,0.4777063774030349,0.9931854507961897,严重抖动,0
192,-19.7114,15.9872,-1.1192137055900235,-0.9981452458012781,平稳,1
193,174.1825,6.1102,-1.1756518828426497,-1.4326952883348003,平稳,1
194,-10.929,9.5588,-1.4912463342181943,-2.05384110556541,平稳,1
195,32.7123,11.2031,-0.14405927492705983,-0.054886907099026376,轻微抖动,2
196,-101.3365,8.5391,1.2099841278603543,0.7268638136383416,严重抖动,0
197,11.3758,17.7174,-1.4462916879445589,-1.1336254665572956,平稳,1
198,-87.0576,13.8175,-0.963949611735852,-0.7639091069267742,平稳,1
199,-87.5901,13.6405,1.689320220959855,0.4616327390339517,轻微抖动,2
200,-31.4369,13.2758,0.16906959479711375,1.0031518358541158,严重抖动,0
201,-138.3345,3.9321,0.6098345338436527,1.2277764138507665,严重抖动,0
202,-18.4129,2.6035,1.2542632723116962,1.4373835802261021,严重抖动,0
203,15.3124,17.3731,-1.3501677786321873,-0.7154129903150647,平稳,1
204,140.2747,1.2339,-0.16962701890087067,-0.5353084109122493,轻微抖动,2
205,-163.8798,15.4762,-0.3270527185863817,-0.29116850301159675,轻微抖动,2
206,124.9702,11.0906,-1.5035742424750516,-0.7019609794881884,平稳,1
207,-67.2457,3.7942,-1.233474838830977,-1.3946821390431818,平稳,1
208,-148.2474,12.5307,-0.29375047874730975,-0.4849703393657504,轻微抖动,2
209,-119.3987,5.6912,-1.049873443531591,-2.0711231303360127,平稳,1
210,-13.8796,14.8855,0.9897705337926581,0.3738972425083134,严重抖动,0
211,-52.7541,9.7109,0.8389647519656237,1.0176839732291545,严重抖动,0
212,150.7445,7.8831,-0.03489818044442273,-0.15537520209669148,轻微抖动,2
213,32.9064,16.3252,0.7225420128933309,0.9178270565519131,严重抖动,0
214,-67.7163,5.8649,-1.4501758234227466,-2.1282654773356717,平稳,1
215,115.1272,7.3347,1.1457439045602378,1.214997525365499,严重抖动,0
216,-155.1494,1.1077,1.0890693016698092,1.3749501785412404,严重抖动,0
217,-142.4145,8.5829,1.5900890032649326,0.798319141901818,严重抖动,0
218,-177.8081,2.9179,-0.45776232120018295,-0.06228081685142496,轻微抖动,2
219,-103.9995,17.4046,-0.7152973909495974,-0.5274605349294633,轻微抖动,2
220,17.633,5.1662,-1.0421051725752153,-1.2697735916522734,平稳,1
221,79.1249,17.4717,-1.3428385838603023,-1.46872559662013,平稳,1
222,137.5172,16.6518,-0.6328861686297849,-0.03587250544924468,轻微抖动,2
223,25.8513,18.2368,1.569655073140553,0.7220267251835258,严重抖动,0
224,135.184,4.4733,1.497849229430749,0.9006128658157355,严重抖动,0
225,179.8078,2.9914,0.692718607439071,1.096501903229141,严重抖动,0
226,-167.0621,8.5,1.4304003724747385,0.4978508954146143,严重抖动,0
227,28.5031,2.6215,0.9185050915406888,1.3179748076263218,严重抖动,0
228,-92.92,18.3103,1.1349021003124264,0.6491051381759255,严重抖动,0
229,-16.2292,6.0778,0.8608847860990492,0.9522345660136743,严重抖动,0
230,-60.4442,7.4943,-1.3761745987904885,-0.8544518888771059,平稳,1
231,38.2128,6.5317,0.3132892338567858,1.1484784276071525,严重抖动,0
232,9.8155,18.222,1.3639309931610535,0.8057182696568642,严重抖动,0
233,-158.1736,14.11,1.2364637992942613,1.174886739009332,严重抖动,0
234,164.8563,11.0635,0.6459063311541281,1.182692870970933,平稳,1
235,110.5076,9.7336,-0.782442272085576,-0.36913068057729004,轻微抖动,2
236,-130.6803,19.9046,-1.5048914710285242,-1.630671526807457,平稳,1
237,71.392,8.5089,-0.9305122715323214,-1.3742797486889977,平稳,1
238,-68.4,5.4088,1.7016819043078268,1.2921665665286763,严重抖动,0
239,102.3915,8.1627,1.6757426343317545,0.6563790338674168,严重抖动,0
240,-88.6244,5.6703,0.29430763265033727,0.620651369735679,严重抖动,0
241,177.2792,8.3401,-1.5554865575183108,-2.037524411284711,平稳,1
242,-126.6559,13.9114,1.2232577386684222,1.1386894546392625,严重抖动,0
243,-62.5182,16.9535,-0.7702832392842922,-0.5063380602098381,轻微抖动,2
244,139.9995,11.3456,1.5623934285508976,0.8324814052391171,严重抖动,0
245,-73.713,17.7104,-0.560539923462146,-0.07107315131352215,轻微抖动,2
246,-13.2143,1.8627,0.9460655658902655,0.5739554640375736,严重抖动,0
247,-49.6165,14.7394,-0.0817104567293656,-0.1512007999781885,轻微抖动,2
248,93.2648,12.583,-0.8615773105672649,-0.977888959521242,平稳,1
249,-58.6927,19.9913,1.382946369458617,0.7004241942202722,严重抖动,0
250,101.0274,12.0917,-0.9541210602214808,-0.8642043358264588,轻微抖动,2
251,-143.0943,10.7632,-0.5972534475038003,-0.096098692013948,轻微抖动,2
252,151.558,14.1973,1.6370363799143344,0.8852510660196444,严重抖动,0
253,-55.6769,7.3766,0.9387025960272659,0.8838839493258346,严重抖动,0
254,160.9526,10.4289,1.787909711923598,0.9867516535310468,严重抖动,0
255,-175.8895,14.3703,1.0535041307260542,0.46181015112398877,严重抖动,0
256,-161.3993,10.5911,-0.7567394277473065,0.46268155756622625,轻微抖动,2
257,-37.2407,3.5026,0.8800690378521859,0.8944921487094805,严重抖动,0
258,-69.5604,7.7062,1.2339982176428896,1.0442801327266669,严重抖动,0
259,-45.3884,18.9445,-0.6754090083431635,-0.5377660901595182,轻微抖动,2
260,-155.6991,10.8553,-1.2507676854816918,-1.330923364685695,平稳,1
261,-55.2513,8.5546,-1.1165116983008494,-0.659997802191936,平稳,1
262,-152.7899,19.077,-0.5883705985406401,0.2146385836847731,轻微抖动,2
263,-82.4053,12.3557,-0.6612572451661138,0.37440860676782994,轻微抖动,2
264,72.4103,13.9221,1.3260015658392705,1.2644902804830007,严重抖动,0
265,-92.8721,14.567,-0.5722261049878243,-0.5203901413412487,轻微抖动,2
266,-51.8504,1.3005,-1.225639017692372,-1.4429121375198366,严重抖动,0
267,138.5872,8.2824,-0.9515203782056506,0.06552894001184324,轻微抖动,2
268,120.1115,10.4892,1.5723908555208421,0.9068222889670089,严重抖动,0
269,-33.2522,9.921,0.029409593037923017,0.6858607488293447,严重抖动,0
270,-86.3148,4.0304,-1.3946833487213317,-1.526843710114989,平稳,1
271,113.0852,14.0176,-0.9822894862111218,-2.039053286060613,平稳,1
272,12.7994,7.7808,-1.259549209171508,-1.2235368701872036,平稳,1
273,158.8035,17.6501,1.4225983264272481,1.1583247986041714,严重抖动,0
274,129.174,13.8619,-1.2006792253586254,-0.5470750068837797,平稳,1
275,-122.2685,13.7993,1.2199477797391838,1.0460281636137903,严重抖动,0
276,-121.9094,2.5875,-0.9368957637529955,-2.1360559552893283,平稳,1
277,-142.0756,5.2249,-1.5104981361535603,-1.5765451853384163,平稳,1
278,-118.1902,10.5021,-0.038849866104840064,-0.6179615728586101,轻微抖动,2
279,-38.9306,18.0178,-1.1343111713182843,-1.046625708405043,平稳,1
280,-155.1435,10.0108,-0.892549069119424,-0.3643405541463078,轻微抖动,2
281,-59.8938,16.0396,0.2600259151689396,0.8652713338799588,严重抖动,0
282,109.2736,18.1337,1.2492645588267237,1.0034492620050588,严重抖动,0
283,-44.8312,16.2725,0.2689425392232143,1.27692999879614,严重抖动,0
284,-176.9891,5.1357,-0.2591310103547655,-0.419755742269436,轻微抖动,2
285,-129.4832,13.752,0.447038594670908,0.6898159948366264,严重抖动,0
286,89.992,18.2563,0.48929123365536925,0.4584080133974085,严重抖动,0
287,-9.3884,14.6115,0.7577018827437102,1.1192837027908715,严重抖动,0
288,57.4239,16.1286,-0.988436552793993,-1.8151592284347005,平稳,1
289,-63.1758,6.1207,-0.6395398615793763,0.30955926985688526,轻微抖动,2
290,100.0891,15.4562,-0.7668719550817098,-0.13728438691562883,轻微抖动,2
291,-168.7863,5.932,-0.9919153871788047,-1.7800890326366265,平稳,1
292,143.2509,17.8742,-0.7351909196161424,-0.2001091387991002,轻微抖动,2
293,-155.7879,2.8034,1.7436981176544852,0.8501495622056814,严重抖动,0
294,125.7044,8.7142,0.8775696811096999,0.7121020841467846,严重抖动,0
295,4.1889,1.1016,-1.5554865575183108,-1.835055472532016,平稳,1
296,47.9062,9.9164,0.248272183461032,0.8472796607492109,严重抖动,0
297,1.4414,19.0348,-0.08218330800497088,-0.3222677987944449,轻微抖动,2
298,-164.7568,12.0148,0.27525848126165925,0.6162317214927132,严重抖动,0
299,147.6767,13.1416,-1.5554865575183108,-1.7495167551212396,平稳,1
300,-151.7192,15.0707,1.7128614594667848,1.0284382766869482,严重抖动,0
301,138.45,3.3792,0.053221032273770535,1.4373835802261021,严重抖动,0
302,-23.2583,8.5233,0.48425874507928235,1.246832559521733,严重抖动,0
303,-30.1615,4.1942,0.715854544852625,0.8980560445181528,严重抖动,0
304,-100.9056,1.3899,-0.11720807749089153,-0.3176603024561469,轻微抖动,2
305,74.4032,12.7272,1.414965155835331,0.6003429034291614,严重抖动,0
306,-108.2715,1.8543,-0.903019347364974,-0.9458973852855639,平稳,1
307,56.1798,11.632,1.0041249475163958,1.1922052897984718,严重抖动,0
308,4.6429,17.5225,-0.16111569593997202,-0.23307647952997818,轻微抖动,2
309,-120.4912,17.231,1.5166957302727389,0.462170193306709,严重抖动,0
310,90.6034,12.8461,-1.3036257030761618,-1.1149502350796423,平稳,1
311,161.4611,18.9486,-0.7111430547424922,-0.26307477675407087,轻微抖动,2
312,72.8958,12.6898,0.513001347617873,1.2685446685405972,平稳,1
313,62.7839,15.495,0.8974969848673596,1.1323287094111936,严重抖动,0
314,45.476,6.2909,-0.6936813326362039,0.2182390055119821,轻微抖动,2
315,-12.3543,15.6942,1.2441307449772927,1.2300618990106464,严重抖动,0
316,-24.7995,2.6634,0.20824870049013933,0.830451602208995,严重抖动,0
317,148.6552,7.4556,-0.5560140612527792,0.24629098774832267,轻微抖动,2
318,106.0131,6.2845,-0.1712144481832604,0.30698157654870933,轻微抖动,2
319,158.0387,9.6035,-1.0785147207968375,-1.053377803831722,平稳,1
320,148.7638,4.5985,-0.8124683280865241,0.279967976839346,轻微抖动,2
321,-116.2107,6.5911,-1.5208333140346515,-1.9389511232589092,平稳,1
322,-72.4114,3.0341,0.928232317781716,0.8565468334522877,严重抖动,0
323,65.5751,19.0481,1.3267783929349082,0.6871026334595998,严重抖动,0
324,134.287,10.9397,-1.401269491488694,-1.439363895719109,平稳,1
325,-144.4546,2.4376,0.30673686618053836,1.2039457957567623,严重抖动,0
326,-99.6977,17.5891,1.4994028836220241,0.7651587350729588,严重抖动,0
327,105.6854,1.6038,0.9784896533603558,0.5471297124235432,严重抖动,0
328,176.1954,11.9143,-1.0713881765716404,-1.8292060915634634,平稳,1
329,20.6318,3.9647,1.4133439514618265,0.5395062105546268,严重抖动,0
330,-80.7273,4.8807,-0.8437440624587154,-1.671168445359585,平稳,1
331,-90.082,13.429,-1.2562054751511549,-0.6666872815868375,平稳,1
332,98.486,1.8368,1.4991664579842214,0.8110615043685483,严重抖动,0
333,166.4141,9.4382,-0.8244922605233493,0.1280875737602601,轻微抖动,2
334,168.7229,5.9845,-0.8561057458066872,-0.3001486855690265,轻微抖动,2
335,138.3679,11.6287,-0.6874667158711034,-0.23748569176764733,轻微抖动,2
336,42.9636,9.6337,1.2383214293055684,0.7679138404711711,严重抖动,0
337,-70.3827,4.7638,1.0412099975603115,1.321919617628307,严重抖动,0
338,106.996,14.7604,-0.13899301125985833,-0.4828361762826657,轻微抖动,2
339,161.3706,6.7874,-1.0243732497400095,-0.9942160898072371,平稳,1
340,-48.9194,11.7581,1.239030706218977,0.3918471716178771,严重抖动,0
341,-132.4925,10.7505,-1.3704666083921082,-1.8873972570953963,平稳,1
342,-79.2915,7.308,-1.2452623456299994,-1.5487958472556673,平稳,1
343,69.77,11.5025,0.7150777177569874,1.0365627068100847,严重抖动,0
344,-118.3338,16.7198,0.2043645650119515,0.32950769398068114,严重抖动,0
345,-129.2013,11.3661,-1.088917448860158,-1.7826249819236173,平稳,1
346,-167.4219,19.8054,-1.1708220448132505,-1.8868754568305834,平稳,1
347,174.6628,15.5921,-0.9872544246049794,-0.8043329734418282,平稳,1
348,52.15,1.4471,0.0009034161371351939,-0.4979840379701838,轻微抖动,2
349,-10.458,10.3524,-1.0860465661154104,-1.6614733964393615,平稳,1
350,4.1899,2.1591,-0.8587402029136321,0.2165431546513403,轻微抖动,2
351,69.2476,5.4333,1.5327726736433256,0.5551289104831248,轻微抖动,2
352,-163.8011,14.9489,0.5546122598711554,0.4362419381481569,严重抖动,0
353,-175.0743,2.5504,-0.4283104417481842,-0.4255894692300442,轻微抖动,2
354,0.1003,2.3185,-0.5534809294191785,0.28287962231700214,轻微抖动,2
355,-73.5033,1.0211,1.5346303036546327,0.7691870331173145,严重抖动,0
356,-179.9889,14.5306,-1.1500841388688388,-0.6903300515855093,平稳,1
357,17.5942,8.2196,1.3316420060554217,1.4373835802261021,严重抖动,0
358,-69.9322,8.6514,0.01573068113647848,-0.24604321611057836,轻微抖动,2
359,42.9022,4.5462,0.7871537621957085,0.6217106242732487,严重抖动,0
360,-109.3515,3.3854,-1.3286868206832523,-1.2553249423196045,平稳,1
361,-142.026,12.1262,-0.013180796857685124,-0.06971125262236018,轻微抖动,2
362,-89.1677,6.8476,0.5769038200068424,0.7340385672795182,严重抖动,0
363,-48.6639,13.1783,0.5196550405674641,1.1652751781314792,严重抖动,0
364,-37.4626,15.3688,-1.554811055696017,-0.9655536012610652,平稳,1
365,179.1898,9.5831,-1.432545225860885,-0.9741528696251816,平稳,1
366,-8.1302,12.4343,1.1924548555718368,1.230328017145701,严重抖动,0
367,14.5004,2.5063,0.31011437529200603,1.0415198093258071,严重抖动,0
368,-125.4796,9.2227,0.23003363425910614,1.0385768558322626,严重抖动,0
369,-8.338,12.9718,1.6674001868264294,0.5678086569180777,严重抖动,0
370,135.0481,19.4479,1.2285266528823122,0.6387474029193893,严重抖动,0
371,62.0102,10.1443,-1.2428980892519719,-0.692751204814241,平稳,1
372,51.8244,8.2381,1.1062608230471802,1.2251517585187575,严重抖动,0
373,107.922,11.5391,-0.8101040717084966,-0.5040838830658461,轻微抖动,2
374,37.5694,15.5102,-0.9052485033785428,0.09294432592511209,轻微抖动,2
375,4.2147,10.1826,-0.9750616167125807,-1.486952079870044,平稳,1
376,20.8345,19.236,-1.233474838830977,-1.8068156422003425,平稳,1
377,32.1173,9.6313,-1.250565034935004,-1.8105569500990508,严重抖动,0
378,-158.7219,14.1238,1.7878759368324835,0.7813919413112874,严重抖动,0
379,55.0703,12.0128,-0.5220025445002991,0.1837323539999062,轻微抖动,2
380,-161.649,12.7331,0.2814055478445303,1.2229601974065432,严重抖动,0
381,-22.6615,12.9272,-0.8827542926961677,-0.1275475939742205,轻微抖动,2
382,82.8876,10.3075,0.6901179254232408,0.7793203942599805,严重抖动,0
383,111.7686,6.1804,0.5419466007031511,0.48964297724910805,严重抖动,0
384,47.8089,15.6095,0.05835484612320122,0.4072820234510422,轻微抖动,2
385,-155.1047,16.7225,-0.7819356457188559,0.10197668850902339,轻微抖动,2
386,88.1052,8.8357,-0.701213177954777,-0.4958237848738583,轻微抖动,2
387,148.3055,2.1576,-0.9124763728770837,-0.4239771064117722,轻微抖动,2
388,-49.807,3.3821,-1.295553456299754,-1.0423312922256331,平稳,1
389,31.7137,7.0055,-0.710433777829084,-0.009954686295988852,轻微抖动,2
390,-62.1285,4.1278,0.4372775933387662,0.8031771023672256,严重抖动,0
391,119.3547,4.3692,-0.16084549521105462,-0.49116932651172746,轻微抖动,2
392,112.2718,1.2634,0.9034751759946573,0.7368980327306929,平稳,1
393,58.6898,13.9023,1.107746927056226,1.2699796192688322,严重抖动,0
394,-162.2805,5.3905,1.494269069772593,1.4373835802261021,严重抖动,0
395,171.562,13.2664,0.9247197083057893,0.4282949201150569,严重抖动,0
396,82.5515,11.9262,0.9923712158084882,0.5599190369141067,严重抖动,0
397,88.2773,5.4123,-0.910348542136859,-0.5119161050406876,轻微抖动,2
398,-44.3965,7.4456,0.933670107451179,1.0901150679878313,严重抖动,0
399,-71.1121,17.3153,-1.124077318710537,-1.353345122064705,平稳,1
400,65.7146,7.3007,1.3408963810208432,0.5131239891656872,严重抖动,0
401,73.8147,15.0976,0.7143008906613495,0.49753781525572655,严重抖动,0
402,-51.4108,7.5377,-1.0612218741461228,-2.1729941960354324,平稳,1
403,-55.7939,2.0399,-0.48282343880727346,-0.03643604973524277,轻微抖动,2
404,-155.6623,14.7566,1.4557654659018608,0.9079389415337085,严重抖动,0
405,-57.152,9.4395,0.5148927527202947,0.3744555687916632,严重抖动,0
406,175.2825,15.3368,1.3436997135833615,0.9463225690133446,严重抖动,0
407,-177.4864,8.6661,-0.7047257874307035,-0.2927182497980909,轻微抖动,2
408,-112.6353,11.5554,-1.5554865575183108,-1.1503387290392522,平稳,1
409,-44.2606,8.4731,0.11259764245337318,0.5255167454549938,严重抖动,0
410,-123.9216,11.3939,-0.47367038911519593,-0.31323543621053357,轻微抖动,2
411,164.0338,19.119,-1.297107110491029,-0.8442663477079584,平稳,1
412,-42.6181,15.7295,-0.9836404898557088,-0.7615244797165791,平稳,1
413,150.353,17.8619,-0.43563963652006926,0.051502948893672594,轻微抖动,2
414,48.8323,7.7632,0.5221206222188356,0.695712337829012,严重抖动,0
415,36.3404,14.2255,-1.1659922067838517,-1.5770200235793963,平稳,1
416,138.1262,7.5157,-0.9085246872166666,-0.46336259039984856,轻微抖动,2
417,-177.8231,10.1933,-1.322269553371464,-1.6983542391563362,平稳,1
418,19.4376,11.1566,-1.1217806125147392,-0.9619583974365045,平稳,1
419,-27.4428,7.5005,-0.6456869281622476,-0.5818008145070773,轻微抖动,2
420,-49.2281,16.0848,0.9389727967561833,0.6006507655854009,严重抖动,0
421,-35.3245,13.8014,0.901853971621153,0.811087594381789,严重抖动,0
422,-106.5368,6.5463,-0.3222566556480974,0.045580515888046624,轻微抖动,2
423,9.0178,14.4383,0.7759742070367506,1.0782180219500972,严重抖动,0
424,-172.0491,7.8013,-0.7300233306755968,-0.6098319247328254,轻微抖动,2
425,-29.4152,6.8788,1.4388441452534078,1.2078540797402106,严重抖动,0
426,104.0482,3.263,-0.31168505212920344,0.2275166142203547,轻微抖动,2
427,73.5607,18.6433,-0.9729337859723562,-1.1593345656046263,平稳,1
428,105.0809,16.4199,-0.5803321268553469,0.3380026022918351,轻微抖动,2
429,79.6076,4.4919,0.7570263809214164,1.0833212285399676,严重抖动,0
430,82.0844,16.4498,-0.5645929343959073,-0.48751672465803725,轻微抖动,2
431,-130.7357,2.3247,-0.23731230149468407,-0.31667931795829873,轻微抖动,2
432,19.0134,15.0726,1.298643742036382,0.9003728376939218,轻微抖动,2
433,1.7681,15.6062,0.028227464848909065,-0.5981331627957207,轻微抖动,2
434,-28.1835,1.7585,-1.0773325926078239,-2.0986794023207818,平稳,1
435,-141.6155,7.9692,-0.1789827191396361,-0.04409607762269586,轻微抖动,2
436,-77.3259,12.9846,1.6944202597181712,1.407609657115879,严重抖动,0
437,152.871,2.0683,-0.0865740698498792,-0.37971800795034344,轻微抖动,2
438,27.2395,3.3962,-0.27905831411242515,-0.05419291274682519,轻微抖动,2
439,143.7296,12.8466,0.4546042150805958,0.565392721691994,严重抖动,0
440,-113.7439,15.3726,-1.0649033590776225,-0.99579714460962,平稳,1
441,96.862,9.0846,-0.49109833613036946,-0.527684909043333,轻微抖动,2
442,-40.3298,16.7618,1.18056602349947,0.9509561553648825,严重抖动,0
443,-80.796,7.3113,0.8828723704147042,1.334286283904372,严重抖动,0
444,-40.5997,6.3725,0.8317031073759682,0.6436679794165749,严重抖动,0
445,-23.5689,17.5211,0.5895694791748461,0.4251954265420685,严重抖动,0
446,-36.0061,2.0904,-1.4459201619422972,-1.1273951713954298,平稳,1
447,-29.0395,14.3209,0.41572908520760216,0.9291918663195375,严重抖动,0
448,172.4515,8.994,-0.20113917891086466,-0.36426750210923375,轻微抖动,2
449,131.1719,9.6809,0.16467883295220542,1.2366313643446407,严重抖动,0
450,-120.1734,7.3219,-1.1342436211360551,-1.0092074114153113,平稳,1
451,-113.6515,1.7479,0.002625945783983623,0.3370737978204685,轻微抖动,2
452,-79.67,19.2186,0.5018893426411439,1.2143191850212418,严重抖动,0
453,-66.0754,2.6524,-1.2460053976345222,-1.8742478904221114,平稳,1
454,-18.0203,14.1653,0.33166288342317035,1.1091085976270199,严重抖动,0
455,-33.9677,4.2141,0.9179309149917392,1.2794711660857785,严重抖动,0
456,15.7633,14.2044,1.7882474628347447,0.8984369587114662,严重抖动,0
457,-118.6335,8.3058,0.060989303230146216,1.4373835802261021,严重抖动,0
458,27.536,7.4993,-0.4010877183097543,-0.5198005070420103,轻微抖动,2
459,168.1087,11.8528,-0.7940946785201397,-0.2005735410347839,轻微抖动,2
460,-146.7182,9.7001,0.45801549928317803,1.0038458302063171,严重抖动,0
461,-161.4034,1.9366,-0.5579054663552012,-0.22086113533070864,轻微抖动,2
462,170.9655,8.8112,-0.5680717687807191,-0.46761526255807384,轻微抖动,2
463,-148.1118,13.8606,0.009820040191409926,-0.033164362074866005,轻微抖动,2
464,73.4513,5.1316,-1.1857168599948233,-1.2101579113974013,平稳,1
465,-65.9145,6.0691,1.6669611106419384,1.3290891532668359,严重抖动,0
466,67.4044,6.9438,0.14306277463881192,0.633779864398371,严重抖动,0
467,-70.5259,16.4209,-1.440212171543917,-0.8049069537331225,平稳,1
468,-98.942,13.584,-0.5097421864256713,-0.49913199855277207,轻微抖动,2
469,-81.1203,10.0143,0.5150954032669829,1.0767413272006767,严重抖动,0
470,6.7492,1.9721,-0.42793891574592274,-0.024445079649842445,轻微抖动,2
471,-63.7885,5.904,-0.8404003284383623,-0.4620215637192798,轻微抖动,2
472,110.8646,15.5875,1.5059214762071567,0.9790342276144639,严重抖动,0
473,53.8402,17.492,0.5969662241289607,0.848474583355632,严重抖动,0
474,159.4738,12.5971,-1.331219952516853,-1.8529584396177456,平稳,1
475,-171.128,14.2371,-0.6964846651987222,0.0437176889426647,轻微抖动,2
476,54.0674,19.6672,0.9596769276094805,0.9431395873979855,严重抖动,0
477,-160.1634,9.111,-1.385361423573681,-0.8233265030810174,平稳,1
478,-152.2911,13.7445,0.4344742607762479,1.0371471231066753,严重抖动,0
479,-147.1128,15.3763,1.0572531658397832,0.5012947771623795,严重抖动,0
480,-173.7006,1.9311,-0.9177115119998588,-1.5912182087849547,平稳,1
481,-81.2834,1.5056,0.281540648208989,0.6737288926724451,严重抖动,0
482,-134.6003,3.4673,0.3149779884125196,0.5431692484136132,严重抖动,0
483,-141.9659,16.4442,0.7127810115611893,0.9512274915025853,严重抖动,0
484,164.8696,1.635,1.0047328991564601,0.785503727398013,严重抖动,0
485,148.2426,3.7857,-0.7400207576455412,-0.45471114200925106,轻微抖动,2
486,174.2722,6.5527,0.3953289301743369,0.3963294358926195,严重抖动,0
487,-71.4287,4.5777,0.6843086097515161,1.0921970510444343,严重抖动,0
488,-133.0846,13.2252,-0.9826610122133831,-1.8606549935237358,平稳,1
489,172.784,19.7264,1.2616262421746955,1.338032809805729,严重抖动,0
490,-22.4046,6.897,1.157869162270407,1.0024160974807297,严重抖动,0
491,-155.7775,6.0919,1.0178714096000696,1.249994669126499,严重抖动,0
492,54.8212,8.6987,-0.2817265463104846,0.050198448231640456,轻微抖动,2
493,171.8777,19.3227,-0.5707400009787785,0.207051607834394,轻微抖动,2
494,-43.8064,2.6795,-1.0272441324847574,-1.160581668237529,平稳,1
495,-1.1724,17.016,-1.3070369872787442,-2.0854465476051267,平稳,1
496,49.4288,2.3432,-0.11653257566859776,0.41579258577014033,轻微抖动,2
497,-24.4558,16.1314,-0.34714889779961466,-0.24943491783186236,轻微抖动,2
498,-29.7421,3.7419,0.5522817785842427,0.907558027340395,严重抖动,0
499,84.9727,7.0803,-1.2659664764832965,-2.11602926112581,平稳,1
500,-128.2046,1.1638,1.6357191513608622,0.9763991362771588,严重抖动,0
501,-20.6303,14.9122,-0.03388492771098237,-0.3313993034286702,轻微抖动,2
502,132.1242,13.7161,-0.7847052031902594,0.17271193240705782,轻微抖动,2
503,178.4323,10.1235,-0.021860995274157368,-0.5286293675226444,轻微抖动,2
504,-2.7479,4.654,0.1873081439990393,-0.17897101007153038,轻微抖动,2
505,100.0746,5.1889,-1.1062440706019876,-0.905285670675177,平稳,1
506,6.218,2.6,-0.9918816120876901,-0.6996859303336043,平稳,1
507,78.3221,15.7596,-0.568713495511898,-0.15807812746842223,轻微抖动,2
508,128.93,8.7508,1.2990828182208731,1.2141417729312056,轻微抖动,2
509,-166.6392,2.5327,-1.112593787731547,-1.7866010999414914,平稳,1
510,167.3743,6.1973,0.275393581626118,1.220481646148682,严重抖动,0
511,145.1486,14.5604,-0.8070643135081758,0.42912458253610947,轻微抖动,2
512,114.4159,19.6,0.4886157318330758,0.6146819747062194,轻微抖动,2
513,79.1988,2.9221,-1.216823718911441,-0.7174688833584274,平稳,1
514,-122.0903,14.3066,0.7636462987798933,0.9955126799772552,严重抖动,0
515,12.848,8.4896,0.138469362247216,0.8180066658932077,严重抖动,0
516,-60.0121,10.3466,0.041298425110289326,-0.40148229699568877,轻微抖动,2
517,-18.971,19.3448,-1.292716348646121,-0.8913901296232102,平稳,1
518,-172.3861,8.9597,-0.7913251210487362,-0.49212943899898315,轻微抖动,2
519,-82.8927,14.3456,-1.2355688944800869,-1.5149466640772555,平稳,1
520,-139.0874,1.0744,0.7063975193405152,1.3048097869450925,严重抖动,0
521,-125.5449,6.4088,1.7882474628347447,0.8317769748816201,严重抖动,0
522,108.6573,9.8611,-1.4488923699603888,-1.852525345397951,平稳,1
523,45.033,18.9776,1.3765966523290574,0.5452929754914017,严重抖动,0
524,120.9884,3.9409,-1.328416619954335,-1.9111809131655677,平稳,1
525,4.2979,11.0131,-1.1161739473897025,-2.010453413546219,平稳,1
526,157.4932,14.1466,-1.0348435279855597,-1.575757266938549,平稳,1
527,73.1808,8.648,-1.0630457290663153,-1.2868886403381359,平稳,1
528,-125.4922,16.1706,1.002199767322859,0.6387839289379266,严重抖动,0
529,19.4757,4.3155,1.7882474628347447,0.49063961575490034,严重抖动,0
530,38.4178,4.169,1.4553263897173703,1.0740018758104093,严重抖动,0
531,-58.5083,1.3435,1.1058217468626892,0.34793767933387226,严重抖动,0
532,-102.4334,3.2892,-0.1132226167393596,-0.1188909275809747,轻微抖动,2
533,-70.8963,13.1263,1.7301543061174993,0.8622918543678776,严重抖动,0
534,-17.2026,3.7129,-0.8748509213753332,-0.0545999169533794,轻微抖动,2
535,-44.5714,7.9795,-0.11278354055486861,-0.340301215946378,轻微抖动,2
536,-83.0018,6.2729,0.22945945771015677,0.56521009159931,严重抖动,0
537,3.4232,11.3692,1.6911103007889328,0.503548954306371,严重抖动,0
538,-92.4752,15.1503,-0.16776938888956325,-0.3710978675756343,轻微抖动,2
539,52.2856,13.3685,-1.114248767196166,-1.5472982804956543,平稳,1
540,-177.3512,10.8459,-1.3072396378254323,-1.1933298528571856,平稳,1
541,62.4995,2.2331,1.381156289629539,1.4373835802261021,严重抖动,0
542,1.339,16.7739,-0.10795370252546992,-0.46960853956965887,轻微抖动,2
543,140.3411,12.4102,1.6220402394594173,1.1588570348742804,严重抖动,0
544,-79.2839,11.7341,-0.6688228655758015,-0.37540793776298903,轻微抖动,2
545,-79.9592,10.4656,-1.2048335615657306,-0.620429688111175,平稳,1
546,-106.736,17.5939,-0.42462895681668444,-0.5407768776874883,轻微抖动,2
547,-37.4204,4.784,0.14745353648372025,1.1875717034469337,严重抖动,0
548,-159.0344,5.9832,1.526118980693734,0.5680747750531322,严重抖动,0
549,158.8604,17.7511,1.6540928009272464,0.46403823825473955,严重抖动,0
550,-134.5904,11.0611,0.2848843822293421,0.7750833761097001,严重抖动,0
551,-111.1528,12.6931,1.1339226226701007,1.3706348903512378,严重抖动,0
552,13.7236,2.3405,0.793098178231892,1.203335289446931,严重抖动,0
553,168.82,14.5652,1.637171480278793,0.6232238450412059,严重抖动,0
554,-27.2261,14.5792,0.10141808729441494,0.05783238610585315,轻微抖动,2
555,101.8255,17.0647,1.0535716809082833,1.1934680464393195,严重抖动,0
556,105.3143,4.5512,0.8459224207352473,1.3234328383962641,严重抖动,0
557,139.778,9.7389,0.2906261477188373,1.0615360674840293,严重抖动,0
558,21.2892,10.5529,1.133449771394495,1.1806995939593476,严重抖动,0
559,76.6851,7.9594,-0.444556260574344,-0.30792350951473857,轻微抖动,2
560,22.3599,1.1114,-0.5036626700250294,0.4160847939184356,轻微抖动,2
561,-32.2907,9.9433,-0.3415760077656928,-0.12044067436746887,轻微抖动,2
562,-41.7531,17.2336,-1.4065384057025836,-1.4047267941408297,平稳,1
563,34.7017,7.9545,-1.1524821703379808,-1.234442495721793,平稳,1
564,133.0348,15.5178,-1.1161739473897025,-1.739007697787908,平稳,1
565,14.6977,16.5489,0.10688965205499253,0.36193236243615423,严重抖动,0
566,-131.4077,6.6274,-1.0623364521529068,-1.3803013237449384,平稳,1
567,-133.0855,7.5669,1.5126427193389773,0.4849572108710878,严重抖动,0
568,19.9065,11.024,-1.3196013211734041,-1.6583634668610767,平稳,1
569,-52.0093,16.3683,0.8176864445633771,0.7511431799600852,严重抖动,0
570,-14.6354,16.5413,-0.6164714743480517,-0.01980105729300784,轻微抖动,2
571,116.548,17.2836,0.6421910711315135,1.0596106245068697,严重抖动,0
572,166.1557,16.338,-0.14304602219361948,-0.08941443062169477,轻微抖动,2
573,178.0431,13.9043,-0.9101796666812856,-1.785124405192071,平稳,1
574,179.7146,6.4501,-1.1836228043457133,-2.215218273464091,平稳,1
575,133.209,13.086,-1.0303514408673076,-1.1132126401978153,平稳,1
576,82.5265,17.6202,-1.3305444506945596,-1.1988557176615542,平稳,1
577,-70.7386,8.5711,1.594648640565414,0.8164360470961214,严重抖动,0
578,-159.4443,3.1003,-0.5382821384175737,-0.5309409426957655,轻微抖动,2
579,-26.5254,7.3404,-0.7298206801289088,-0.5428953867626285,轻微抖动,2
580,-95.1963,18.7176,-1.3889078081407222,-2.055536956426052,平稳,1
581,-103.1265,13.8458,0.09807435327406189,-0.35828767107447795,轻微抖动,2
582,-122.6178,19.3924,1.4887975050120157,1.0065174475621588,严重抖动,0
583,-154.1753,5.3084,-1.240263632145027,-2.0737269136574294,平稳,1
584,147.4512,13.0439,1.6329495938894585,0.9872786717985075,严重抖动,0
585,-57.5197,17.2626,0.3199091517152624,1.2843917425829643,严重抖动,0
586,110.4148,1.0695,1.4448898865629347,0.9933837348968185,严重抖动,0
587,53.6954,14.2633,-0.8822138912383328,-0.13957509007815744,轻微抖动,2
588,-0.7385,6.8906,-1.3764785746105208,-0.6761944824117281,平稳,1
589,94.7862,3.5936,1.1374352321460273,0.9619087429233052,严重抖动,0
590,72.9466,19.1636,0.07054765401559981,-0.7501179259277694,轻微抖动,2
591,-23.0231,15.2248,-0.8990001115223275,-0.06850589401064244,轻微抖动,2
592,123.3124,6.761,1.2625381696347922,0.6066723406413412,严重抖动,0
593,28.7054,13.6737,-0.1348724501438677,-0.5070111825514464,轻微抖动,2
594,-79.3174,4.6389,-0.3406640803055966,-0.3275066734531659,轻微抖动,2
595,89.1547,11.4631,0.11854205848955635,0.9380259448028193,严重抖动,0
596,-165.5751,19.7021,1.2068092692955743,1.3916164789993641,严重抖动,0
597,-37.8694,13.2749,-0.5319999714702436,-0.5398376372108251,轻微抖动,2
598,154.7534,10.1921,-1.416231856852496,-1.4685690565406861,平稳,1
599,100.2657,3.4893,1.4547184380773057,1.1656717463327368,严重抖动,0
600,1.329,4.4699,-0.8103742724374142,-0.9666702538277647,平稳,1
601,-5.6936,13.3139,0.38485865192878704,0.42481451234875506,严重抖动,0
602,-51.5797,12.2572,-1.253469692770866,-1.8437904089649835,平稳,1
603,-155.8832,1.5356,-1.5171856041942666,-1.443663529901167,平稳,1
604,146.6867,3.3271,1.493323367221382,0.6904056291358652,严重抖动,0
605,-79.8683,7.1656,0.19568436659547925,0.7972442333563033,严重抖动,0
606,132.0679,12.8989,-0.017841759431510833,0.13894623727101632,轻微抖动,2
607,42.4128,15.6295,1.5133519962523858,0.46984587520210697,严重抖动,0
608,76.0039,1.9874,0.5068542810350016,0.35514374099093865,严重抖动,0
609,-32.5581,15.8216,1.7609571892140854,0.4831569999574836,严重抖动,0
610,1.7758,4.3518,-0.20542861548242858,-0.2198279708063793,轻微抖动,2
611,-139.4607,18.7458,1.4981194301596663,1.218164852972913,严重抖动,0
612,-15.7259,4.2446,-1.0576079393968523,-1.3993261614000163,平稳,1
613,77.2928,18.8164,-0.6396074117616055,-0.43759087532074037,轻微抖动,2
614,142.2307,19.469,1.4581297222798886,1.2109431373079025,严重抖动,0
615,-23.7424,16.5691,-0.357686726227394,-0.46256423599468505,轻微抖动,2
616,-64.5614,11.4944,1.146318081109187,0.9319730617309899,严重抖动,0
617,-111.4511,13.7291,-1.4159278810324638,-1.9201454417150525,平稳,1
618,-64.5436,19.3144,-1.3121032509459458,-1.7040262080348523,平稳,1
619,123.2871,14.7251,-0.9800941052886676,-0.34534702450711857,轻微抖动,2
620,-122.9327,10.2619,-1.378775280806319,-1.829639185783258,平稳,1
621,139.5905,1.7711,-0.3512019087333759,0.038624918358090954,轻微抖动,2
622,-20.9343,15.6431,1.565061660748957,0.7744415617839805,轻微抖动,2
623,132.351,5.4188,0.616589552066588,1.3579864519321732,严重抖动,0
624,-54.0708,9.0717,-0.9235883778538124,-2.1004274332079045,平稳,1
625,20.4055,13.2694,-1.0235626475532573,-1.6846882902208866,平稳,1
626,74.1565,5.4498,-1.5554865575183108,-1.5813614017826392,平稳,1
627,-124.5069,17.2572,-0.7374538507208259,0.14156567460037645,轻微抖动,2
628,0.6625,15.7809,-0.9529051569413525,-0.9775236993358727,平稳,1
629,112.5406,3.443,-1.1942957331379513,-1.3851175401891616,平稳,1
630,30.628,10.7502,-0.5547981579726508,-0.02156474218807536,轻微抖动,2
631,-70.2583,14.0703,-1.448993695233733,-1.9582212070384493,平稳,1
632,-24.6023,16.5337,0.1412726948097343,0.5212223292755837,严重抖动,0
633,-119.444,16.8379,1.003077919691841,1.3109983380857733,严重抖动,0
634,174.1435,19.2536,-0.08353431164955812,0.2570244191955234,轻微抖动,2
635,-75.0906,7.387,0.33132513251202345,0.9836312879474659,严重抖动,0
636,-90.1351,17.6765,-1.26404129628976,-2.000669658580977,平稳,1
637,-82.1853,5.0418,1.1924548555718368,1.3456615296772931,严重抖动,0
638,-80.554,16.0554,1.3553858951090403,1.0634562924585407,严重抖动,0
639,-113.0639,5.263,-0.7678514327240354,0.24822164872813068,轻微抖动,2
640,79.6173,13.498,-0.3722775655889345,-0.15425333152734397,轻微抖动,2
641,124.5475,9.1226,1.6977302186474093,1.2550248236792954,严重抖动,0
642,134.963,15.6639,-0.004297947894524991,-0.38716931573187147,轻微抖动,2
643,115.7528,1.5428,-0.8066927875059142,0.2719739967824127,轻微抖动,2
644,63.3573,14.4075,0.025086381375244195,0.19606249425743466,轻微抖动,2
645,-96.7269,14.9622,1.294759606558194,1.4373835802261021,严重抖动,0
646,110.0689,12.4477,1.5315905454543117,0.8989378869656862,严重抖动,0
647,139.0927,16.9196,-1.055952959932233,-0.8064567005196167,轻微抖动,2
648,-163.3457,7.7597,1.4601562277467695,1.163360171159616,严重抖动,0
649,110.8577,4.6072,0.07264170966470973,0.3626263567883554,轻微抖动,2
650,-168.6795,14.8034,0.8016770513750199,0.7694322792417766,严重抖动,0
651,137.6893,12.0655,0.6288836852323307,0.44764327393431874,严重抖动,0
652,-167.9235,11.6476,1.330358552593064,0.9843826803287963,严重抖动,0
653,-62.392,9.3063,0.7439554206600364,0.6903012690829022,严重抖动,0
654,-160.3135,8.7403,-0.6745984061564113,-0.05601921367367011,轻微抖动,2
655,-28.2405,14.4432,-0.9118684212370196,-1.8056207195939211,平稳,1
656,-131.9512,16.3113,0.09185973650896134,0.46194060119019187,严重抖动,0
657,166.0977,12.4507,1.35379846582665,1.096340145147049,严重抖动,0
658,122.5441,13.3126,1.5764776415457176,0.9791907676939077,严重抖动,0
659,-97.2697,15.2408,-0.4521894311662611,-0.4380709315643682,轻微抖动,2
660,-76.2135,13.1306,0.6019311625228181,0.514548503888627,严重抖动,0
661,-90.8578,10.6227,-0.10542057069186901,0.11430682876655185,轻微抖动,2
662,31.1927,12.8631,-0.3575516258629353,-0.07103140729233685,轻微抖动,2
663,127.7066,18.6621,0.6750542347860947,1.2931684230371168,严重抖动,0
664,82.7976,3.5031,1.3070537397239368,0.784929747106719,严重抖动,0
665,-175.0897,6.7612,0.7519601172542149,0.833676327845539,平稳,1
666,-32.2118,5.3956,0.7757040063078332,0.5232208242898166,严重抖动,0
667,-176.9575,16.945,-1.1368105280607705,-1.5826659024446714,平稳,1
668,-142.3222,16.6303,-0.1154179976618136,0.003126846342870269,轻微抖动,2
669,-162.2521,1.0446,-0.2504508119382934,-0.34147526654220706,轻微抖动,2
670,-115.7578,2.5122,-0.617586052354836,0.18737973785094775,轻微抖动,2
671,96.9302,12.3377,1.2569990546919847,0.9777349449550804,严重抖动,0
672,44.9798,14.8485,0.5617050290052376,0.990826913599235,严重抖动,0
673,-11.354,12.3678,0.6581666892287559,0.8802522194827371,严重抖动,0
674,173.7549,13.1039,-1.457167267283485,-1.2468352520110988,平稳,1
675,-104.0376,14.0776,1.5886704494381165,0.6312647871219724,严重抖动,0
676,105.1884,16.9338,-0.775552153498182,-0.5608714058854326,轻微抖动,2
677,-142.3871,14.6851,-1.1799075443230989,-1.330260678349383,平稳,1
678,63.7465,15.6726,-0.5548319330637655,0.2563512968539154,轻微抖动,2
679,123.0511,16.2257,0.09148821050669985,0.032785973394834474,轻微抖动,2
680,-91.5726,3.0763,-0.8306731021973353,-0.211760938712372,轻微抖动,2
681,-36.8514,7.3899,-1.127657478368693,-1.5676328368154122,平稳,1
682,161.5155,4.2254,-0.6302179364317253,-0.3952467838311747,轻微抖动,2
683,66.9155,16.8322,-0.18762914246499374,-0.24815128918042267,轻微抖动,2
684,-67.0384,3.695,-0.8418188822651788,0.10370906538820183,轻微抖动,2
685,171.3882,11.1138,1.6115024110316378,0.5359840587671401,严重抖动,0
686,87.2317,15.6378,0.3142011613168821,0.8004741769954948,严重抖动,0
687,-179.9125,3.4118,-0.5635459065713522,0.018206873995962717,轻微抖动,2
688,169.5257,8.0985,1.616095823423234,0.8976333863036544,严重抖动,0
689,-41.4149,8.6436,0.19362408603748393,0.8336971998561314,严重抖动,0
690,-44.5277,7.9006,1.0490458186989167,1.2218905068636767,严重抖动,0
691,-76.2652,5.4842,1.0447901572184672,0.7061796511411589,严重抖动,0
692,7.2577,7.9315,-1.2682969577702095,-2.215218273464091,平稳,1
693,-88.1686,3.4136,-0.9272360876941979,-0.680238434464028,平稳,1
694,-174.2983,11.5984,-1.3818150390066397,-1.1265133289478957,平稳,1
695,84.0247,17.5543,-0.4102745430929466,-0.31677846000861315,轻微抖动,2
696,-89.3467,19.6396,0.3345337661679178,1.2601958643035907,严重抖动,0
697,70.5713,7.507,0.41397278046963887,0.7947656820984422,严重抖动,0
698,3.5048,9.0265,-1.1546437761693202,-1.7619929994529155,平稳,1
699,3.7414,19.4193,0.38702025776012644,0.8763856795204736,严重抖动,0
700,-165.4811,4.8216,1.2742243511604703,0.5846419334609417,严重抖动,0
701,-82.5571,1.5542,-0.9392937952221374,-1.1908982636231578,平稳,1
702,-105.8134,9.3834,0.8669980775908059,0.9166843139719728,严重抖动,0
703,-162.2615,17.1963,1.7882474628347447,0.49837269567942744,严重抖动,0
704,-18.9603,16.0074,-1.0413283454795776,-1.58601586014477,平稳,1
705,-118.5561,13.5952,-1.103778488950616,-1.250409583825067,平稳,1
706,165.3248,14.5976,-0.427398514288088,-0.10359696181930891,轻微抖动,2
707,13.8183,9.6352,1.3665316751768837,1.2795859621440375,严重抖动,0
708,-53.9019,9.5915,-0.809664995524006,-0.5200666251770648,轻微抖动,2
709,-126.0494,11.8647,-1.0838174101018416,-1.9261304907524568,平稳,1
710,-68.8922,3.4762,-1.5554865575183108,-1.7666526758176948,平稳,1
711,-30.9866,6.1311,-0.916630709084189,-0.0718193256922045,轻微抖动,2
712,23.426,17.3148,-0.9477713430919215,0.14823949998733382,轻微抖动,2
713,-89.0413,9.2988,1.7180965985895595,1.028219120575727,严重抖动,0
714,134.3716,14.3933,-1.534647326300555,-1.546510362095787,平稳,1
715,4.9953,5.4001,0.6933941092613645,1.338288491935487,严重抖动,0
716,-27.1826,6.8772,1.6302138115091693,1.4330213300122663,严重抖动,0
717,-27.22,3.9785,1.7213052322454543,1.1457337582142368,严重抖动,0
718,64.8166,13.068,-0.13281216958587239,-0.2830492908911083,轻微抖动,2
719,139.5227,9.9445,0.17450738446657674,0.6967246303427492,严重抖动,0
720,109.0964,8.0994,0.6269585050387941,0.8524402653682104,严重抖动,0
721,118.1566,4.2401,-0.18925034683849806,0.21365238118427662,轻微抖动,2
722,-38.4586,8.3675,0.24888013510109627,1.2136512806822815,严重抖动,0
723,61.469,17.0997,0.017858511876703294,-0.4588020560853842,轻微抖动,2
724,10.672,7.6076,-1.5073570526798956,-0.7117708244666707,平稳,1
725,-33.1128,14.0618,-0.15875143956194443,0.3959224316860653,轻微抖动,2
726,177.5389,3.0157,-0.7345491928849635,0.2010822128049344,轻微抖动,2
727,107.9146,7.5638,-1.4241352281733304,-1.626095338485048,轻微抖动,2
728,15.3172,19.5904,-0.7951754814358093,-0.65853676145046,轻微抖动,2
729,-7.5706,18.0429,-0.26017803817932056,0.16317864156892656,轻微抖动,2
730,-100.4116,10.7364,1.5516867246675445,1.2973532611609164,严重抖动,0
731,-30.0268,13.322,1.7672055810703005,1.4373835802261021,严重抖动,0
732,-175.7168,6.57,-0.5506775968566602,0.000726565124731032,轻微抖动,2
733,45.9022,15.9038,-1.5554865575183108,-1.023786510814183,平稳,1
734,2.1899,14.6272,0.5385353165005689,0.569410583731053,严重抖动,0
735,159.337,16.8116,1.3076954664551155,0.5799979111041071,严重抖动,0
736,3.689,19.5711,-0.9180154878198907,0.16628335314456322,轻微抖动,2
737,-76.4808,4.0461,-0.6828057532972779,-0.4705164720304334,轻微抖动,2
738,89.2525,4.7417,0.5607593264540267,0.5605034532106973,严重抖动,0
739,86.2589,8.9351,0.9619060836230491,0.7782872297356508,严重抖动,0
740,124.7167,10.3185,-0.7050297632507356,-0.1904871419159508,轻微抖动,2
741,-64.9723,4.1075,-1.2290503018949543,-1.1026879288565397,平稳,1
742,167.2642,10.6752,-0.10369804104502059,-0.5685053437596449,轻微抖动,2
743,-148.6505,1.6939,-0.7935205019711902,-0.3816277969195586,轻微抖动,2
744,168.4875,14.356,-0.4623219585006644,-0.6397102078960113,轻微抖动,2
745,30.0319,2.1696,-1.0520350493629302,-0.8725896660820018,平稳,1
746,-176.9884,2.5707,1.022937673267271,0.5687218073815001,严重抖动,0
747,-157.9324,10.986,-1.1168832243031108,-1.5375093075277644,平稳,1
748,-107.7016,9.5888,1.2759131057162043,0.7110845736303997,严重抖动,0
749,157.8102,18.369,1.1252086491625137,1.0932980496031897,严重抖动,0
750,-37.6272,4.3184,-1.5554865575183108,-2.099644732810685,平稳,1
751,133.8718,14.0601,-1.0287640115849177,-0.9869056680972084,平稳,1
752,-102.3697,2.5923,-1.2724850690684293,-1.7002170661017182,轻微抖动,2
753,9.7455,1.7259,0.04474348440398648,-0.23945287876599158,轻微抖动,2
754,-120.8934,3.3458,0.5225934734944412,0.7210613946936218,严重抖动,0
755,-70.7568,17.4148,-0.43986152290940395,-0.5501484104435277,轻微抖动,2
756,116.674,1.1012,1.0888328760320065,1.0654965314939595,严重抖动,0
757,-84.745,10.8705,-0.45431726190648575,0.2231126199853346,轻微抖动,2
758,34.7308,6.2246,0.37567182714559494,0.4832874500236867,严重抖动,0
759,-57.4615,10.0548,1.4942352946814785,0.8144271160765919,严重抖动,0
760,-23.0226,12.9707,-0.5619247021978477,-0.2666595445733354,轻微抖动,2
761,-5.4028,6.806,-1.4656785902443836,-1.220630442712196,平稳,1
762,79.041,3.0416,-0.31941954799446454,0.34497385382973533,轻微抖动,2
763,171.3854,5.8798,1.2423068900571002,0.4424931053206152,严重抖动,0
764,16.966,1.7749,-0.22569367015123484,-0.07950022559025006,轻微抖动,2
765,152.0996,17.2007,-0.5505087214010869,-0.1672983381476661,轻微抖动,2
766,6.1741,8.03,-0.6872640653244153,-0.3333143104005333,轻微抖动,2
767,-58.3308,9.9271,0.9746730680643971,0.7219849811623409,严重抖动,0
768,72.7792,10.7512,-0.8503639803171921,0.011673934680505423,轻微抖动,2
769,-131.2492,6.5346,-0.3340103873560052,-0.026787962838852583,轻微抖动,2
770,130.3751,17.8935,-0.4551278640932381,-0.4752231104190458,轻微抖动,2
771,-30.317,12.4206,-0.006932405001469983,0.2537579495377953,轻微抖动,2
772,-83.3194,15.7555,0.872841168353645,1.190869481120551,严重抖动,0
773,166.1906,10.7179,-0.5688485958763566,-0.32424542179808535,轻微抖动,2
774,-1.4128,4.213,-0.20103785363752058,0.016474497116783896,轻微抖动,2
775,127.4214,4.2717,0.604869595449795,0.585221131754884,严重抖动,0
776,107.2595,11.6994,-1.5065464504931432,-1.9875985619474144,平稳,1
777,85.9601,19.2384,0.8844935747882088,0.47699975683269186,严重抖动,0
778,13.2726,18.3051,1.4737675894659839,1.1741092566147608,轻微抖动,2
779,85.2541,10.0429,1.5131831207968127,1.1544060786154264,严重抖动,0
780,-127.4339,6.4944,0.5592056722627515,0.7386930256416494,严重抖动,0
781,-58.9805,6.5154,-0.5952269420369196,-0.18850951891230994,轻微抖动,2
782,124.6745,14.9137,-1.2827526967672913,-0.6748169297126223,平稳,1
783,17.583,11.2282,0.3944170027142406,0.743911028289778,严重抖动,0
784,124.7524,10.5981,0.3156197151436985,1.2137086787114106,严重抖动,0
785,-47.575,11.55,-1.0602086214126825,-1.0326362433054097,平稳,1
786,41.8407,9.1458,-0.3778842307139711,0.20686897774170934,轻微抖动,2
787,-103.9453,13.0209,0.8873982326240709,0.545152089419902,严重抖动,0
788,-159.013,19.97,0.06727147017747626,0.2580419297119089,轻微抖动,2
789,-54.8144,17.652,1.0232754241784179,0.9712228776502152,严重抖动,0
790,7.2298,16.7748,1.0942031155192402,0.8205687051934395,严重抖动,0
791,29.292,15.8349,-0.5092017849678364,-0.35891383139225347,轻微抖动,2
792,135.473,6.6616,-0.8591117289158936,-2.1152048167074056,平稳,1
793,135.5753,18.3372,-1.5554865575183108,-1.0246840072696615,平稳,1
794,-95.2534,14.8126,-0.6233615929354458,-0.5217833480482994,轻微抖动,2
795,3.0262,3.9902,-0.9829649880334154,-0.84983917453616,平稳,1
796,35.3457,6.0237,0.682552305013553,0.4612257348273982,严重抖动,0
797,118.3202,16.6349,1.6704061699356354,0.5856542259746783,严重抖动,0
798,22.5477,3.5596,-1.2376291750380823,-1.5296927395608673,平稳,1
799,-78.337,16.8708,-0.0028118438854793527,-0.6206331902144522,轻微抖动,2
800,-37.3118,2.4789,-1.0932406605228369,-1.7300849132596077,平稳,1
801,-141.7075,2.5646,-0.36923780738861356,0.33736600596876376,严重抖动,0
802,30.2003,4.9857,-0.5411530211623211,0.351532883158433,轻微抖动,2
803,-170.8486,1.7488,1.6653736813595488,1.3708227384465708,严重抖动,0
804,-123.9569,5.3202,-0.2504170368471788,-0.5833609972988677,轻微抖动,2
805,-164.1268,8.4858,-1.2602247109938016,-1.5008476209220112,平稳,1
806,155.7155,5.7209,-0.23106390963846862,-0.4692693693975307,轻微抖动,2
807,75.5658,1.2031,0.03775204054324807,0.6956653758051787,严重抖动,0
808,-89.1831,3.9763,-0.7751468524048056,0.22321176203564863,轻微抖动,2
809,96.1805,13.5363,-1.041193245115119,-0.7369842132624291,平稳,1
810,-3.5201,7.8075,-1.2402298570539123,-2.0061485613615124,平稳,1
811,151.7161,9.0384,-0.2739920504452235,-0.4934130676504228,轻微抖动,2
812,109.0679,9.1155,-0.6368040791990874,-0.43773697939488804,轻微抖动,2
813,-80.7996,16.2154,1.566919290760264,0.9466721751907688,严重抖动,0
814,2.8261,4.0825,1.1684745408804154,0.5944465604367758,严重抖动,0
815,155.0385,6.1385,0.8353508172163533,1.1322921833926562,严重抖动,0
816,27.9849,10.7866,-0.2462289255489588,-0.16269084180936813,轻微抖动,2
817,61.8811,18.3207,-1.2130409087065972,-0.7968399216391152,平稳,1
818,53.1612,9.0133,0.04589183750188554,1.3126002648987487,严重抖动,0
819,19.6917,11.9303,0.13066731619972544,0.5908878826307518,严重抖动,0
820,-54.3023,13.7361,-0.047530064521312004,-0.5389714487712358,轻微抖动,2
821,100.6475,11.929,0.6217571410071336,1.263613656038115,严重抖动,0
822,169.5075,19.0021,-1.2524902151285404,-1.9463867770324927,平稳,1
823,-28.3043,16.0829,0.5163788567293406,0.6562485838012138,严重抖动,0
824,70.4307,18.8199,-0.10558944614744231,-0.1482161024634587,轻微抖动,2
825,6.2645,1.2843,0.23070913608139962,0.591581876982953,严重抖动,0
826,-30.6951,18.6767,-0.6200178589150928,-0.32753276346640664,轻微抖动,2
827,12.0923,3.149,0.36591082581345313,0.778088945635022,严重抖动,0
828,-48.8124,7.7071,1.0974455242662493,1.4085436795898938,严重抖动,0
829,104.9904,10.0384,0.5030714708301576,0.5764183612874906,严重抖动,0
830,-121.4759,19.9148,0.1728186299108429,0.7374981030352283,严重抖动,0
831,111.9655,17.3207,-1.17767838830953,-2.125849542109588,平稳,1
832,-159.9352,11.9053,-0.1762807118504619,-0.05169348947837155,轻微抖动,2
833,-117.1498,6.4351,1.4745781916527365,0.7038054599362601,严重抖动,0
834,-27.7645,11.7493,-0.7578202306629762,-0.09131378358561369,轻微抖动,2
835,-149.6626,16.4254,1.3856146016566762,0.6508949130842338,严重抖动,0
836,119.1321,1.7903,0.868146430688705,0.4076368476311149,严重抖动,0
837,-39.0673,17.0541,-1.4653070642421222,-0.9427613656940385,平稳,1
838,-135.8931,5.0285,-1.5554865575183108,-1.4280095219567808,平稳,1
839,63.7659,17.6156,1.1933330079408182,1.0226671657581174,严重抖动,0
840,-60.8806,6.1261,0.8643298453927464,1.2888270448338741,严重抖动,0
841,-95.7499,12.1736,-0.941658051600165,-0.8753082454616767,平稳,1
842,-156.0139,19.5455,0.35533922229455916,0.3618593103990802,严重抖动,0
843,20.9634,7.1712,-0.3326256086203033,-0.032496457735905586,轻微抖动,2
844,143.1032,18.9875,-0.4810333589781955,-0.48194389782983565,轻微抖动,2
845,-60.2436,10.561,1.018242935602331,0.603087572822077,严重抖动,0
846,-116.2644,1.5419,-1.5333300977470823,-2.20861228211156,平稳,1
847,171.205,12.7091,1.5833002099508826,1.1374736600222481,平稳,1
848,132.035,10.8653,1.530509742538642,1.209774304714722,严重抖动,0
849,-170.839,13.2122,-0.622719866204267,0.05453982643488392,轻微抖动,2
850,-130.7092,7.4793,1.4078723867012484,1.163574109268189,严重抖动,0
851,8.3268,13.0275,1.3611614356896498,0.44825378024414936,严重抖动,0
852,-4.7495,19.593,-1.434774381874454,-1.73746838700671,平稳,1
853,-103.9374,10.1676,-0.6742606552452646,-0.0780861468726073,轻微抖动,2
854,20.1789,6.4123,-0.34083295576117,-0.12415589225293686,轻微抖动,2
855,-176.2106,19.8171,-0.6898309722491308,0.24273230994229858,轻微抖动,2
856,-76.3277,18.3856,0.5040171733813688,0.8216697037521942,严重抖动,0
857,-8.1043,10.3974,1.4096962416214414,1.0017899371629544,严重抖动,0
858,-132.7964,9.6519,0.03251690142047329,-0.3526835362303877,轻微抖动,2
859,-29.3592,7.5467,1.191272727382823,0.6091143658806658,平稳,1
860,81.9336,13.907,-0.9671582453917463,-1.8608480596217167,平稳,1
861,-118.5983,3.5884,-0.21741877282813898,0.12122590027797052,轻微抖动,2
862,-118.0441,6.8032,0.8009339993704971,0.5151381381878651,严重抖动,0
863,-137.2839,11.8374,-0.9812086832954521,-2.106485534282382,平稳,1
864,-147.1519,13.9,1.373590669219851,0.7265820414953422,严重抖动,0
865,-110.254,5.9733,0.9913241879839332,1.3409079292648478,严重抖动,0
866,-149.7594,13.949,-1.417278884677051,-0.5372495078973533,平稳,1
867,-68.347,9.5754,1.5929261109185655,0.7454607750762725,严重抖动,0
868,118.8659,7.8488,-0.273417873896274,-0.571990969528595,轻微抖动,2
869,8.0544,1.1372,-1.1777459384917595,-0.715626928423638,平稳,1
870,-50.7345,1.8642,-0.4686041254479943,0.25719661328291216,轻微抖动,2
871,-86.9097,14.7599,1.258383833427687,1.1268184986147691,严重抖动,0
872,38.2741,7.9355,1.3556223207468425,1.1151458266909051,严重抖动,0
873,-88.4816,17.3796,0.2061546448410294,0.8092769474628883,严重抖动,0
874,16.3306,1.9729,1.3552170196534667,1.125550523971274,严重抖动,0
875,105.7383,15.9189,-0.9266281360541335,-1.1203352138125113,平稳,1
876,21.3487,4.5608,1.5466880111825725,0.8194050906029067,严重抖动,0
877,-63.5006,16.9345,0.01752076096555641,-0.07278465618210814,轻微抖动,2
878,-49.2519,6.4559,-1.073955083496356,-1.7412410029213072,平稳,1
879,-84.0038,14.6058,-0.364272868994756,0.3524408156192079,轻微抖动,2
880,162.8969,16.8644,-0.22282278740648737,0.2570818172246532,轻微抖动,2
881,-172.715,10.9559,1.3530891889132421,0.7384634335251316,严重抖动,0
882,-50.2081,16.1714,1.6737499039559884,1.0312977421381229,严重抖动,0
883,-73.9264,1.9504,1.3240426105546197,0.6741515508869435,严重抖动,0
884,-142.6571,16.8823,-0.7652169756170906,0.384187143730424,严重抖动,0
885,-70.6294,10.6802,-1.0539264544653524,-2.0203310925591267,平稳,1
886,78.9161,17.7525,0.40677868606221257,0.6734366845241497,严重抖动,0
887,35.6827,19.8504,-0.5030884934760799,-0.1394602940198985,轻微抖动,2
888,77.0656,17.4836,-1.2412768848784674,-1.7378232111867828,平稳,1
889,44.3279,10.3972,1.1096383321586478,0.7075885118561538,严重抖动,0
890,-147.2357,5.3897,-1.4371048631613668,-0.7721378971028733,严重抖动,0
891,144.3469,19.5532,0.4855421985416401,0.7668702399415456,严重抖动,0
892,-32.7082,5.8264,1.464749640138365,0.6782685549763173,严重抖动,0
893,133.6273,15.2181,0.5663322164879484,1.0791207364082238,严重抖动,0
894,41.3175,18.1527,0.12283149506112026,1.0949573744452947,严重抖动,0
895,-47.4083,7.9165,-0.7487685062442426,-0.2697538201436758,轻微抖动,2
896,-8.9288,18.9572,1.0027739438718088,0.4008690981964918,严重抖动,0
897,156.4409,9.2102,1.4411070763580913,0.9722090801507116,严重抖动,0
898,147.1995,5.0854,-0.014362925046699076,-0.14366078615164227,轻微抖动,2
899,83.3925,9.3495,-0.8847470230719336,-1.175755619938288,平稳,1
900,163.8355,4.6673,-0.504540822394011,-0.6225325431783711,轻微抖动,2
901,-46.5442,4.503,1.3945312257109512,0.7814284673298248,严重抖动,0
902,3.2412,17.8685,1.0452630084940728,1.2491493526975022,严重抖动,0
903,126.8515,15.3745,-0.27909208920353973,-0.6370698985560579,轻微抖动,2
904,80.153,7.1057,0.37283471949196206,1.0734487675297077,轻微抖动,2
905,52.4845,3.2344,-0.6673705366578704,-0.3275536354769991,轻微抖动,2
906,-67.637,10.1534,0.663807129444907,0.6345260387770529,严重抖动,0
907,9.247,18.9962,-0.8326658325731012,0.3439093812895173,轻微抖动,2
908,-64.3533,7.7713,-1.31689931388423,-1.7547399757720163,平稳,1
909,-113.6702,3.0225,-1.098239374007809,-0.5559195213723581,平稳,1
910,97.9072,1.7301,0.28562743423386505,0.6505870509279936,严重抖动,0
911,76.3031,10.3716,-1.1512662670578524,-1.6389159709915007,平稳,1
912,114.0363,4.7295,-0.15736666082624287,-0.592930814155536,轻微抖动,2
913,179.7588,19.815,-0.8763708004754936,0.23774911741333546,轻微抖动,2
914,166.3178,2.5471,0.9788949544537319,0.446291811248453,严重抖动,0
915,92.1304,13.2519,-0.18854106992508998,-0.21927486252567746,轻微抖动,2
916,-1.9375,3.5077,0.9424178560498805,0.7347169076237753,严重抖动,0
917,-1.8874,6.6995,1.6714869728513049,0.8657513901235869,严重抖动,0
918,51.4847,9.8373,-0.7541049706403617,0.05374147202972003,轻微抖动,2
919,-104.8,15.7278,1.4803875073244608,0.6597029015542748,严重抖动,0
920,-64.796,7.4504,-1.3668188985517231,-2.051409516331382,平稳,1
921,-39.3417,18.9847,-0.8765396759310671,-1.5987947486300378,平稳,1
922,85.1964,9.7006,-0.754915572827114,0.3550185089273831,轻微抖动,2
923,-166.3981,1.8173,0.33210195960766103,0.9176287724512836,严重抖动,0
924,-66.6772,1.9946,-0.7714991425644206,-0.14681245975111215,轻微抖动,2
925,134.9917,18.5575,-0.346473395977321,-0.33578242565309824,轻微抖动,2
926,-164.8779,18.2306,0.7220353865266109,1.1769687220659355,严重抖动,0
927,119.2058,1.2942,-0.012640395399850348,-0.5168940795670024,轻微抖动,2
928,99.1137,11.9141,1.0179051846911842,1.28713641197588,严重抖动,0
929,-165.4999,8.3419,0.7112611324610287,1.2717641761744922,严重抖动,0
930,-55.3091,12.3882,-1.4034648724111478,-1.683681215709798,平稳,1
931,-83.64,18.3203,0.8521032624092332,0.3780872986347613,严重抖动,0
932,114.8992,19.9268,-0.6576095353257286,-0.3251377002509157,轻微抖动,2
933,-17.8596,13.2868,0.5659269153945723,0.39201414770261683,严重抖动,0
934,-66.7737,14.3036,1.6237289940151514,0.6656409885678453,严重抖动,0
935,84.2848,2.9774,1.2299114316180138,0.4928781388909478,严重抖动,0
936,-27.5669,4.2764,-0.6583525873302515,0.22538766913991867,平稳,1
937,80.0861,16.8752,1.6696631179311123,1.1532320280195976,严重抖动,0
938,-63.3686,13.8987,-0.19279673140553932,-0.5376460760986108,轻微抖动,2
939,-11.0584,7.5884,0.7914769738583873,1.3305710660189047,平稳,1
940,-30.362,16.8088,1.3324188331510591,0.8834925991272252,严重抖动,0
941,158.5445,11.5357,-0.8445208895543529,-0.4333225491545709,轻微抖动,2
942,145.9687,16.116,0.43335968276946374,1.3596301227663343,严重抖动,0
943,120.6884,7.2147,-1.1059738698730701,-1.4359356679792883,平稳,1
944,-129.0424,14.4974,0.4246119341707623,0.6000559132835145,轻微抖动,2
945,-35.4803,15.5321,-0.22272146213314328,0.06780398916642731,轻微抖动,2
946,-140.1889,12.9269,-0.04509825796105521,0.3291633058059051,轻微抖动,2
947,134.7307,4.2492,0.09425776797810324,0.9616687148014915,严重抖动,0
948,-171.0447,8.1599,0.8253871653375235,1.1142274582248344,严重抖动,0
949,-84.7826,3.848,0.8030956052018363,1.1023251941844525,严重抖动,0
950,114.0283,15.4656,-1.2472213009146509,-1.7848582870570164,平稳,1
951,83.0545,1.8044,-0.19894379798841066,0.4322553841249869,轻微抖动,2
952,-171.6815,1.9715,-0.8247624612522667,-0.7424265900244276,轻微抖动,2
953,160.9515,12.4553,1.5370283351237746,0.8077793807028752,严重抖动,0
954,-67.4437,4.3864,-0.5571624143506783,-0.5583563286090344,轻微抖动,2
955,151.9534,15.2718,-0.66426322827532,-0.009104151864343792,轻微抖动,2
956,-92.126,14.8513,0.5194186149296613,0.5615105277217862,严重抖动,0
957,54.9097,12.6295,-0.6127562143254371,-0.4487730549956806,轻微抖动,2
958,-28.3711,16.9518,-0.4865724739210026,-0.31322500020523736,轻微抖动,2
959,92.8289,11.0747,-1.193586456224543,-0.712803988991,平稳,1
960,2.8023,10.421,-0.9127803486971159,0.10727296119687425,轻微抖动,2
961,-99.397,9.4344,1.5089612344074776,1.1112949407365857,严重抖动,0
962,132.9624,5.5163,-1.5554865575183108,-0.8100101603229924,平稳,1
963,-158.9073,5.0942,-0.5004202612780203,0.2919485109194501,轻微抖动,2
964,-39.9157,11.5952,0.5461009369102567,0.39620942183171226,严重抖动,0
965,-164.8639,12.3665,-0.44641389058565123,-0.3056119343416175,轻微抖动,2
966,121.8016,11.5547,0.9198223200941612,0.9390851993403898,严重抖动,0
967,146.2515,10.6211,0.7329447409566515,1.2574929389318599,严重抖动,0
968,80.689,16.4326,0.18808497109467687,1.241718916926567,严重抖动,0
969,-30.9353,5.8202,0.32399593774013846,0.9383912049881886,严重抖动,0
970,-125.4284,13.296,-0.64909821236483,-0.6323267341489089,轻微抖动,2
971,161.9838,16.3071,-1.1962546884226026,-1.3069570785228395,平稳,1
972,169.1355,1.4751,-1.4584169456547278,-0.7802101471995285,平稳,1
973,154.4208,18.3043,-1.5330598970181648,-1.8085167110636327,平稳,1
974,44.5053,10.1523,0.7694218393605031,0.8964384636972326,严重抖动,0
975,-50.6904,12.0279,-1.2361430710290364,-0.9315583140085059,平稳,1
976,179.55,8.0653,-1.291466670274878,-1.506634385858786,平稳,1
977,67.721,1.4021,1.168643416335989,0.4925963667479484,严重抖动,0
978,-101.423,4.1206,-1.3687103036541448,-1.5321086747869512,平稳,1
979,-61.6157,13.4163,-0.8106782482574462,-0.3841376561933085,轻微抖动,2
980,153.7829,18.1264,-0.6772328632633562,-0.22543210565046962,轻微抖动,2
981,-126.5813,13.0848,-1.3211212002735648,-1.7342071353516295,平稳,1
982,-137.7137,14.1017,1.7092137496263997,1.294305947614409,严重抖动,0
983,77.0596,6.5596,0.09209616214676412,-0.45927689432636376,轻微抖动,2
984,-158.1974,17.8496,-0.5063646773142035,-0.584263711756994,轻微抖动,2
985,159.9325,10.8284,0.36837640746482453,1.2689516727471508,严重抖动,0
986,5.1555,16.1714,-0.017943084704854628,0.22853412473674026,轻微抖动,2
987,73.586,14.5316,-1.0676729165490262,-0.8915675417132465,平稳,1
988,142.5075,11.981,1.7098554763575782,0.559105028500999,严重抖动,0
989,25.3648,2.756,0.2673888850319392,0.6757117336787346,严重抖动,0
990,-92.3962,17.6721,-0.13828373434644997,-0.05211614769286993,轻微抖动,2
991,-85.9943,2.8564,1.2726031467869658,0.5584005981435012,严重抖动,0
992,-66.8731,19.497,-0.039525367927133535,-0.4059541252651353,轻微抖动,2
993,-51.5533,16.0521,1.321475703629904,0.5653718496814014,严重抖动,0
994,175.2889,8.5628,0.9825764393852318,1.0975924657826,严重抖动,0
995,128.2678,10.3216,-0.46748954744120996,0.17009249507769694,轻微抖动,2
996,62.8826,2.0571,-1.1480914084930727,-1.4639093801759069,平稳,1
997,-176.0299,18.6046,0.78283055053303,0.6658810166896597,严重抖动,0
998,-144.5625,19.609,1.5422296991554347,1.1546774147531291,严重抖动,0
999,23.6032,2.4722,-1.5554865575183108,-2.1546476987246113,平稳,1
1000,-146.3645,10.2025,-0.9757708936259891,-0.8426226768737978,平稳,1
